Workbook

Sheet NVScriptsProperties
A1: autocratn | B1: autocratp
A2: dataSheetName | B2: "Respostas ao formulário 1"
A3: v | B3: "5.1"
A4: dataSheetId | B4: "4.6943552E7"
A5: updateTime | B5: "1.695293575079E12"
A6: vp | B6: "5.1"
A7: ssId | B7: "1EOfkNmt2F3RK-WIEaEhvcUSwhmj9TqNS6JDS_CQSkT8"

Sheet Respostas ao formulário 1
A1: Local | B1: Alimentação (Telemetria) | C1: PLC | D1: No Break | E1: Comunicação | F1: Redundância | G1: DPS | H1: Fusível | I1: Conversor | J1: Marca da fonte | K1: Tipo | L1: Tensão | M1: Driver 1 - Tipo | N1: Driver 1 - Serial | O1: Driver 2 - Tipo | P1: Driver 2 - Serial | Q1: Driver 3 - Tipo | R1: Driver 3 - Serial | S1: Driver 4 - Tipo | T1: Driver 4 - Serial | U1: Potência | V1: Tensão (V) | W1: Corrente (A) | X1: RPM | Y1: FS | Z1: Acionamento | AA1: Potência | AB1: Tensão (V) | AC1: Corrente (A) | AD1: RPM | AE1: FS | AF1: Acionamento | AG1: Potência | AH1: Tensão (V) | AI1: Corrente (A) | AJ1: RPM | AK1: FS | AL1: Acionamento | AM1: Modelo/Fabricante | AN1: Vazão (m^3/h) | AO1: Altura Manométrica (mca) | AP1: Vazão (l/s) | AQ1: Modelo/Fabricante | AR1: Vazão (m^3/h) | AS1: Altura Manométrica (mca) | AT1: Vazão (l/s) | AU1: Sucção 1 | AV1: Recalque 1 | AW1: Recalque 2 | AX1: Recalque 3 | AY1: Tipo do sensor | AZ1: Vazão 1 - Fabricante | BA1: Vazão 1 - Modelo do Conversor | BB1: Vazão 1 - Serial do Conversor | BC1: Vazão 1 - Modelo do Sensor | BD1: Vazão 1 - Diâmetro Nominal | BE1: Vazão 1 - Fator k/kp | BF1: Vazão 1 - Fator kA | BG1: Vazão 1 - Fundo de Escala | BH1: Tipo do sensor | BI1: Vazão 2 - Fabricante | BJ1: Vazão 2 - Modelo do Conversor | BK1: Vazão 2 - Serial do Conversor | BL1: Vazão 2 - Modelo do Sensor | BM1: Vazão 2 - Diâmetro Nominal | BN1: Vazão 2 - Fator k/kp | BO1: Vazão 2 - Fator kA | BP1: Vazão 2 - Fundo de Escala | BQ1: Tipo do sensor | BR1: Vazão 3 - Fabricante | BS1: Vazão 3 - Modelo do Conversor | BT1: Vazão 3 - Serial do Conversor | BU1: Vazão 3 - Modelo do Sensor | BV1: Vazão 3 - Diâmetro Nominal | BW1: Vazão 3 - Fator k/kp | BX1: Vazão 3 - Fator kA | BY1: Vazão 3 - Fundo de Escala | BZ1: Tipo do sensor | CA1: Altura total (m) | CB1: Altura do 0% (4mA) | CC1: Altura do 100% (20mA) | CD1: Observações
A2: Aeroporto (Reservatório) | B2: Energia Solar | C2: Sem PLC | D2: Não tem | E2: Modem ABS | F2: Sem Redundância | H2: Simens 10A 500V | K2: 7 - Reservatório | BZ2: Nivelco Configurável
A3: Alegria do Boi | B3: 127V | C3: Sem PLC | D3: Não tem | E3: Modem ABS | F3: Sem Redundância | J3: Conexel | K3: 10 - Vazão com VRP | AU3: 0 a 200 MCA | AV3: 0 a 200 MCA | AY3: Carretél | AZ3: Isoil | BA3: MV110 | BB3: ABV007408
A4: Alfineiros | B4: 127V | C4: Altus Duo, 245794 | D4: Não tem | E4: Modem ABS | F4: Sem Redundância | G4: Lupa | H4: NH1 80A 690V | J4: Weidmuller | K4: 1 - Booster | L4: 220V | M4: CFW110086T2OFAZ | N4: 1032791007 | U4: 15CV | V4: 220V | W4: 37.6A | X4: 1760 | Y4: 1.25 | Z4: Driver 1 | AA4: 15CV | AB4: 220V | AC4: 37.6A | AD4: 1760 | AE4: 1.25 | AF4: Driver 1 | AM4: KSB MULTITEC 65/05 C | AQ4: KSB MULTITEC 65/05 C | AU4: Zurich - 0 a 70 MCA | AV4: Zurich - 0 a 200 MCA | AY4: Carretél | AZ4: Isoil | BA4: MV110 | BB4: ABV005986 | BC4: MS 1000-P100-1A2A
A5: Alphaville (ETE) (Tanque A) | B5: 127V | C5: Altus Duo, 4155893T | D5: NHS Compact Plus III | E5: Modem ABS | F5: Sem Redundância | G5: Clamper | H5: NH 50A 500V/ 25A 690V | K5: 3 - Elevatória de Esgoto | L5: 220V | M5: CFW110016T2SZ | N5: 1054457538 | O5: Vacon | P5: V00000281594 | AY5: Carrétel | AZ5: Danfoss | BA5: M100 | BB5: D6100247 | BZ5: Ultrassônico Nivelco - 0 a 5 m | CD5: Elevatória 4 (fundo, canto direito)
A6: Alphaville 4B | B6: 127V | C6: Altus Duo, 415887T | D6: NHS Compact Plus III | G6: Clamper | H6: NH000 50A 500V/ NH00 25A 690V | J6: Altus | K6: 3 - Elevatória de Esgoto | L6: 220V | M6: Vacon | N6: V0000029518 | O6: Vacon | P6: V00000282884 | AY6: Carrétel | AZ6: Danfoss | BA6: M100 | BB6: D6100257 | BZ6: Ultrassônico Nivelco - 0 a 5 m
A7: Alphaville 5 (Esgoto) | B7: 127V | C7: Altus Duo, 415884T | D7: NHS Compact Plus III | F7: Sem Redundância | G7: Clamper | H7: NH00 50A 500V/ 40A 690V | J7: Altus | K7: 3 - Elevatória de Esgoto | L7: 220V | M7: Altus | N7: V00000282903 | O7: Altus | P7: V00000281616 | AY7: Carrétel | AZ7: Danfoss | BA7: M100 | BB7: D6100256 | BZ7: Ultrassônico Nivelco - 0 a 5 m | CD7: Elevatória 5 (esquerda)
A8: Alphaville Elevado | B8: 127V | C8: Altus Duo, 599041 | D8: NHS Compact Plus III | E8: Modem ABS | F8: Sem Redundância | G8: Lupa | H8: NH00 50A 500V | J8: Altus | K8: 8 - Reservatório com elevatória | L8: 220V | M8: Altus | N8: V00000298525 | O8: Altus | P8: V00000834803 | U8: 4CV | V8: 220V | W8: 10.9A | X8: 3475 | Y8: 1.25 | Z8: Driver 1 | AA8: 4CV | AB8: 220V | AC8: 10.9A | AD8: 3475 | AE8: 1.25 | AF8: Driver 2 | AM8: KSB MEGABLOC 50-32-125 GG | AN8: 20 | AO8: 25 | AQ8: KSB MEGABLOC 50-32-125 GG | AR8: 20 | AS8: 25 | AV8: Simens - Janela | BZ8: Ultrassônico Nivelco - 0 a 5 m
A9: Alphaville Esgoto 01 | B9: 127V | C9: Altus Duo, 415896T | D9: NHS Compact Plus III | E9: Modem ABS | F9: Sem Redundância | G9: Lupa | H9: NH00 63A 500V/ NH00 50A 690V | J9: Altus AL 1535 | K9: 3 - Elevatória de Esgoto | L9: 220V | M9: CFW110033T2OFAZ | N9: 1067477787 | O9: Vacon | P9: V00000298526 | U9: 7,5CV | V9: 230V | W9: 19A | X9: 1770 | Z9: Driver 1 | AA9: 7,5CV | AB9: 230V | AC9: 19A | AD9: 1770 | AF9: Driver 2 | AM9: FLYGT MODELO 3127-170 | AN9: 300 | AO9: 6 | AQ9: FLYGT MODELO 3127-170 | AR9: 300 | AS9: 6 | AY9: Carrétel | AZ9: Danfoss | BA9: M100 | BB9: D6100248 | BZ9: Ultrassônico Nivelco - 0 a 5 m
A10: Alphaville Esgoto 2 | B10: 127V | C10: Altus Duo, 566938 | D10: NHS Compact Plus III | E10: Modem ABS | F10: Sem Redundância | G10: Lupa | H10: NH00 160A 500V / NH00 125A 690V | J10: Altus | K10: 3 - Elevatória de Esgoto | L10: 220V | M10: Vacon | N10: V00000284641 | O10: Vacon | P10: V00000284641 | Q10: CFW110105T2OFAZ | R10: 1067388642 | U10: 22kW | V10: 220V | W10: 73A | X10: 1465 | Z10: Driver 1 | AA10: 22kW | AB10: 220V | AC10: 73A | AD10: 1465 | AF10: Driver 2 | AM10: KSB KRT K80 315/232 XG | AN10: 61 | AO10: 54 | BZ10: Ultrassônico Nivelco - 0 a 5 m
A11: Alphaville Esgoto 3 | B11: 127V | C11: Altus Duo, 599044 | D11: Engetron | E11: Modem ABS | F11: Sem Redundância | G11: Lupa | H11: NH00 50A 500V | J11: Altus | K11: 3 - Elevatória de Esgoto | L11: 220V | M11: Vacon | N11: V00000281615 | O11: CFW110024T2OFAZ | P11: 1032950773 | BZ11: Ultrassônico Nivelco - 0 a 5 m
A12: Alphaville Principal | B12: 127V | C12: Altus Duo, 421851T | D12: NHS Compact Plus III | E12: Modem ABS | F12: Sem Redundância | G12: Lupa | H12: NH00 125A 500V | I12: ADM 4541 - Rs 232/485 | J12: Altus | K12: 2 - Elevatória de Água | L12: 220V | M12: Altus | N12: V00000282542 | O12: Altus | P12: V00000284634 | U12: 30CV | V12: 220V | W12: 72.2A | X12: 3535 | Y12: 1.15 | Z12: Driver 1 | AA12: 30CV | AB12: 220V | AC12: 72.2A | AD12: 3535 | AE12: 1.15 | AF12: Driver 1 | AM12: FLOWSERVE DBE | AQ12: FLOWSERVE DBE | AU12: Simens Janela | AV12: Simens Janela | AZ12: Simens F M | BA12: MAG 5000 | BB12: 7ME69101AA101AA0 | CD12: Sucção: Simens -1-32 bar (overrange limits)/ -0.16-16(meansuring span) Recalque: Simens -1-100 bar (overrange limits)/ -0.63-63 (meansuring span)
A13: Alto Bairu | B13: 127V | C13: Altus Duo, 266843 | D13: Não tem | E13: Modem ABS | F13: Fibra | G13: Lupa | I13: Alphacomp CS Ethernet, Alphacomp RS 232 - RS 485, Novus Digirail mA - RS 485, Clamper série 900 | J13: Weg | K13: 8 - Reservatório com elevatória | L13: 200V | M13: Partida Direta | U13: 3CV | V13: 220V | W13: 7.5A | X13: 3450 | Y13: 1.15 | Z13: Driver 1 | AA13: 3CV | AB13: 220V | AC13: 7.5A | AD13: 3450 | AE13: 1.15 | AF13: Driver 1 | AU13: Zurich - 0 a 70 MCA | AV13: Conect - 0 a 100 MCA | AY13: Carretél | AZ13: Indflow | BA13: BLIT-EM | BB13: 1000328 | BH13: Carretél | BI13: Indflow | BJ13: BLIT-EM | BK13: 1000367 | BZ13: Pressão | CD13: Conect JCO 0 a 100mca (recalque)
A14: Alto dos Pinheiros (Elevatória) | B14: 127V | C14: Sem PLC | D14: Não tem | F14: Sem Redundância | H14: NH00 400A 690V | K14: 2 - Elevatória de Água | L14: 220V | M14: CFW110180T2SZ | N14: 1050963401 | U14: 75CV | V14: 220V | W14: 171A | X14: 3560 | Y14: 1.15 | Z14: Driver 1 | AA14: 75CV | AB14: 220V | AC14: 175A | AD14: 1770 | AE14: 1.15 | AF14: Driver 1
A15: Alto Santo Antônio | B15: 127V | C15: Altus Duo, 601789 | D15: Não tem | E15: Modem ABS | F15: Sem Redundância | G15: Lupa | J15: Weidmuller | K15: 8 - Reservatório com elevatória | L15: 200V | M15: Partida Direta | U15: 3CV | V15: 220V | W15: 8.42A | X15: 3465 | Y15: 1.15 | Z15: Driver 1 | AA15: 3CV | AB15: 220V | AC15: 8.42A | AD15: 3465 | AE15: 1.15 | AF15: Driver 1 | AU15: SMAR - Janela | BZ15: Pressão
A16: Alto Santo Antônio (Elevatória)/Retiro | B16: 127V | H16: NH1 200A 500V | K16: 2 - Elevatória de Água | L16: 220V | M16: Soft Ssw 03 | O16: CFW110105T2OFAZ | P16: 1035540477 | U16: 40CV | V16: 220V | W16: 99A | X16: 3560 | Y16: 1.25 | Z16: Driver 1 | AA16: 40CV | AB16: 220V | AC16: 99A | AD16: 3560 | AE16: 1.25 | AF16: Driver 2 | AV16: Zurich - 0 a 200 MCA | AY16: Carretél | AZ16: Isoil | BA16: MV110 | BB16: ABZ003322 | CD16: Mesmo local Elevatória Retiro
A17: Alvim (Elevatória) | B17: 127V | C17: Altus Duo, 245822 | D17: Não tem | E17: Modem ABS | F17: Sem Redundância | G17: Clamper | H17: NH00 63A 690V | J17: Conexel | K17: 2 - Elevatória de Água | L17: 220V | M17: CFW110024T2OFAZ | N17: 1067450220 | U17: 7.5 CV | V17: 220V | W17: 19.4A | X17: 3515 | Y17: 1.25 | Z17: Driver 1 | AA17: 7.5CV | AB17: 220V | AC17: 19.4A | AD17: 3515 | AE17: 1.25 | AF17: Driver 1 | AM17: VME-9875 7.5 T 60 4V | AN17: 3.5 min/ 18.1 max | AO17: 38 min /132max | AQ17: VME-9875 7.5 T 60 4V | AR17: 3.5 min/ 18.1 max | AS17: 38 min/ 132 max | AU17: Sem sucção | AV17: Zurich - 0 a 200 MCA
A18: Amazonas (Elevatória) | B18: 127V | C18: Altus Duo, 604632 | D18: Não tem | E18: Modem LUPA | F18: Sem Redundância | G18: Lupa | H18: NH00 80A 690V | J18: LR Informática | K18: 2 - Elevatória de Água | L18: 220V | M18: CFW110054T2OFAZ | N18: 1039442998 | U18: 12.5CV | V18: 220V | W18: 29.8A | X18: 3530 | Y18: 1.25 | Z18: Driver 1 | AA18: 12.5CV | AB18: 220V | AC18: 29.8A | AD18: 3530 | AE18: 1.25 | AF18: Driver 1 | AM18: KSB METB 65-40-150 GG | AN18: 33.96 | AO18: 49.96 | AQ18: KSB METB 65-40-160 GG | AR18: 33.96 | AS18: 49.96 | AU18: Zurich - 0 a 70 MCA | AV18: Zurich - 0 a 100 MCA | AY18: Carretél | AZ18: Isoil | BA18: MV110 | BB18: ABZ003320 | CD18: Troca de conjunto feita pela chave seletora
A19: Amazonas (Reservatório) | B19: 127V | C19: Sem PLC | D19: Não tem | E19: Modem ABS | F19: Sem Redundância | G19: Clamper | J19: Conexel | K19: 7 - Reservatório | BZ19: Hidroestático
A20: Antonio de Castro | B20: 127V | C20: Altus Duo, 599014 | D20: Engetron | E20: Modem ABS | F20: Sem Redundância | G20: Lupa | J20: Weidmuller | K20: 10 - Vazão com VRP | U20: 7,5CV | V20: 220V | W20: 19,1A | X20: 3500 | Y20: 1.15 | AU20: 0 - 200 MCA | AV20: 0 - 200 MCA | AY20: Carretél | AZ20: Isoil | BA20: MV110 | BB20: ABW000673 | BH20: Carretél | BI20: Danfoss | BJ20: MAG 5000 | BK20: 083F5001 | CD20: 1 motor
A21: Ase-Grama | B21: 127V | C21: Altus Duo, 565574 | D21: Não tem | E21: Modem LUPA | F21: Fibra | G21: Lupa | H21: NH1 400A 690V | I21: Alphacomp CS Ethernet, Alphacomp RS 232 - RS 485, 2 Alphacomp 232-485 | J21: Weg | K21: 2 - Elevatória de Água | L21: 440V | M21: CFW110370T4SZ | N21: 1069895964 | O21: CFW110370T4SZ | P21: 1051050031 | U21: 250CV | V21: 440V | W21: 292A | X21: 1790 | Y21: 1.25 | Z21: Driver 1 | AA21: 250CV | AB21: 440V | AC21: 292A | AD21: 1790 | AE21: 1.25 | AF21: Driver 2 | AM21: BHS - WKL | AN21: 360 | AO21: 125 | AQ21: BHS - WKL | AR21: 360 | AS21: 125 | AU21: Zurich - 0 a 70 MCA | AV21: Conect - 0 a 200 MCA | AY21: Carretél | AZ21: Isoil | BA21: MV110 | BB21: ABV014420
A22: Assuene Ribeiro | B22: 127V | C22: Sem PLC | D22: Não tem | E22: Modem ABS | F22: Sem Redundância | G22: Clamper | J22: Conexel | K22: 11 - VRP/VMP | AU22: Zurick - 0 a 100 MCA | AV22: Zurick - 0 a 100 MCA | AY22: Carretél | AZ22: Isoil | BA22: MV110 | BB22: ABV007400
A23: Bairro de Lourdes (Reservatório) | B23: 127V | C23: Sem PLC | D23: Não tem | E23: Modem ABS | F23: Sem Redundância | G23: Lupa | J23: Conexel | K23: 7 - Reservatório | BZ23: Ultrassônico Nivelco - 0 a 5 m
A24: Bairu II | B24: 127V | C24: Altus Duo, 654988 | D24: APC | E24: Modem ABS | F24: Fibra | G24: Clamper | H24: NH2 630A 690V | I24: Alphacomp CS Ethernet | J24: Weg | K24: 2 - Elevatória de Água | L24: 440V | M24: CFW110312T4SZ | N24: 1068353167 | O24: CFW110312T4SZ | P24: 1068893017 | U24: 175CV | V24: 440V | W24: 209A | X24: 1791 | Y24: 1.25 | Z24: Driver 1 | AA24: 175CV | AB24: 440V | AC24: 209A | AD24: 1791 | AE24: 1.25 | AF24: Driver 2 | AM24: KSB MENT 250-200-500 GG | AN24: 400.8 | AO24: 90.4 | AQ24: KSB MENT 250-200-500 GG | AR24: 400.8 | AS24: 90.4 | AU24: Zurich - 0 a 70 MCA | AV24: Pressgage - 0 a 70 MCA | AY24: Carretél | AZ24: Isoil | BA24: MV110 | BB24: ABZ018176
A25: Barbosa Lage (Vazão) | B25: 127V | C25: Sem PLC | D25: Não tem | E25: Rádio | F25: Sem Redundância | I25: Alphacomp RS 232 - RS 485 | J25: Weg | K25: 9 - Vazão | AY25: Carretél | AZ25: Isoil | BA25: ML110 | CD25: Central de Rádio Não foi possível coletar o serial da Vazão
A26: Belmiro Braga | B26: 127V | C26: Altus Duo, SN 599028 | D26: Engetron | E26: Modem ABS Ethernet | F26: Fibra | G26: Lupa | H26: NH 2 710A 690V | I26: Alphacomp CS Ethernet, Alphacomp RS 232 - RS 485, Conversor de sinal 0-10V/4-20 mA | J26: Weg | K26: 2 - Elevatória de Água | L26: 440V | M26: CFW110211T4SZ | N26: 1023329962 | O26: CFW110370T4SZ | P26: 1051050031 | U26: 300CV | V26: 440 | W26: 343 | X26: 1790 | Y26: 1.15 | Z26: Driver 1 | AA26: 250CV | AB26: 440 | AC26: 292 | AD26: 1790 | AE26: 1.25 | AF26: Driver 2 | AM26: PP BSCA 200-450A EB | AN26: 880 | AU26: Zurich - 0 a 70 MCA | AV26: Zurich - 0 a 100 MCA | AY26: Carretél | AZ26: Indflow | BA26: BLIT-EM | BB26: 10000359
A27: Belo Vale (Booster) | B27: 127V | C27: WLP | D27: Não tem | E27: Modem ABS | F27: Sem Redundância | G27: Lupa | H27: D 16A 500V | K27: 1 - Booster | L27: 220V | M27: CFW110016T2SZ | N27: 1038965331 | U27: 3CV | V27: 220V | W27: 7.5A | X27: 3450 | Y27: 1.15 | Z27: Driver 1 | AA27: 3CV | AB27: 220V | AC27: 7.5A | AD27: 3450 | AE27: 1.15 | AF27: Driver 1 | AV27: SAR - 0 a 100 MCA | AW27: SAR - 0 a 100 MCA | CD27: Troca de conjunto feita pela chave seletora (ao lado do painel)
A28: Belo Vale (VRP) | B28: 127V | C28: Sem PLC | D28: Não tem | E28: Modem ABS | F28: Sem Redundância | G28: Lupa | J28: Weidmuller | K28: 10 - Vazão com VRP | AU28: Pressgage - Janela | AV28: SAR - 0 a 100 MCA | AY28: Carretél | AZ28: Isoil | BA28: MV110 | BB28: ABY013402 | BH28: Carretél | BI28: Indflow | BJ28: BLIT-EM | BK28: 10000354 | CD28: Vazão 1: Belo Vale Sensores: Pressgage Janela (0 a 30mca) Sar 0 a 100mca Vazão 2: Borda da Mata
A29: Benfica | B29: 127V | C29: WLP | D29: Não tem | E29: Modem ABS | F29: Sem Redundância | H29: NH00 40A 690V | J29: Weg | K29: 1 - Booster | L29: 220V | M29: CFW110024T2OFAZ | N29: 1041235936 | U29: 5CV | V29: 220V | W29: 12.8A | X29: 3475 | Y29: 1.15 | Z29: Driver 1 | AA29: 5CV | AB29: 220V | AC29: 12.8A | AD29: 3475 | AE29: 1.15 | AF29: Driver 1 | AU29: Pressgage - 0 a 100 MCA | AV29: Pressgage - 0 a 100 MCA
A30: Bethânia | B30: 127V | C30: WLP | D30: Não tem | E30: Modem ABS | F30: Sem Redundância | H30: NH00 40A 690V | J30: Balluff | K30: 1 - Booster | L30: 220V | M30: CFW110024TSOFAZ | N30: 1039443048 | U30: 5CV | V30: 220V | W30: 13.1 | X30: 3510 | Y30: 1.15 | Z30: Driver 1 | AA30: 5CV | AB30: 220V | AC30: 12.7 | AD30: 3505 | AE30: 1.15 | AF30: Driver 1 | AU30: Smar - 0 a 100 MCA | AV30: Conect - 0 a 100 MCA | CD30: Troca de conjunto feita pela chave seletora
A31: Boa vista/ Machado Sobrinho | B31: 127V | C31: Altus Duo, 601786 | D31: Engetron | E31: Modem ABS | F31: Fibra | G31: Lupa | H31: 3NE4 160A | I31: Alphacomp CS Ethernet, Alphacomp RS 232 - RS 485 | J31: Weg | K31: 8 - Reservatório com elevatória | L31: 220V | M31: CFW110070T2SZ | N31: 1024921062 | U31: 25CV | V31: 220V | W31: 63.8A | X31: 1770 | Y31: 1.25 | Z31: Driver 1 | AA31: 25CV | AB31: 220V | AC31: 63.8A | AD31: 1770 | AE31: 1.25 | AF31: Driver 1 | AM31: KSB MULTITEC C 65/4- 61 | AN31: 58 | AO31: 70 | AQ31: KSB MULTITEC C 65/4- 61 | AR31: 58 | AS31: 70 | AV31: Zurich - 0 a 100 MCA | AZ31: Indflow | BA31: BLIT-EM | BB31: 10000362 | BI31: Isoil | BJ31: BLIT-EM | BK31: 10000313 | BR31: Indflow | BS31: BLIT-EM | BT31: 10000370 | BZ31: Ultrassônico Nivelco - 0 a 5 m | CD31: Vazão Santa Luzia: Ultrassônico. M12180196
A32: Bom Clima | B32: 127V | C32: WLP | D32: Não tem | E32: Modem ABS | F32: Sem Redundância | H32: Simens 40A 500V | J32: Weg | K32: 1 - Booster | L32: 220V | M32: CFW110033T2OFAZ | N32: 1038510830 | U32: 10CV | V32: 220V | W32: 25.4A | X32: 1765 | Y32: 1.25 | Z32: Driver 1 | AA32: 10CV | AB32: 220V | AC32: 25.4A | AD32: 1765 | AE32: 1.25 | AF32: Driver 1 | AM32: MULTITEC C 50/6-41 | AN32: 15 | AO32: 80 | AQ32: MULTITEC C 50/60-41 | AR32: 15 | AS32: 40 | AU32: SAR - 0 a 100 MCA | AV32: SAR - 0 a 100 MCA | AY32: Carretél | AZ32: Isoil | BA32: MV110 | BB32: ABW000667 | CD32: Troca de conjunto feita pela chave seletora
A33: Bom Pastor | B33: 127V | C33: WLP | D33: Não tem | E33: Modem LUPA | F33: Sem Redundância | G33: WEG | H33: NH00 100A 690V | K33: 2 - Elevatória de Água | L33: 220V | M33: CFW110070T2OFAZ | N33: 1041228764 | U33: 25CV | V33: 220 | W33: 64.7 | X33: 1760 | Y33: 1.15 | Z33: Driver 1 | AA33: 25CV | AB33: 220 | AC33: 64.7 | AD33: 1760 | AE33: 1.15 | AF33: Driver 1 | AM33: KSB MULTITEC C 65/5 61 | AN33: 46.8 | AO33: 85 | AQ33: KSB MULTITEC C 65/5 61 | AR33: 46.8 | AS33: 85 | AV33: Pressgage - 0 a 100 MCA | AY33: Carretél | AZ33: Isoil | BA33: MV110 | BB33: ABZ003316
A34: Bonsucesso (Reservatório) | B34: 127V | C34: Sem PLC | D34: Engetron | E34: Modem ABS | F34: Sem Redundância | G34: Lupa | J34: LR Informática | K34: 7 - Reservatório | BZ34: Radar Nivelco
A35: Bonsucesso/ Parque ABC | B35: 127V | C35: Altus Duo, 601790 | D35: Não tem | E35: Modem LUPA | F35: Sem Redundância | G35: Lupa | H35: NH00 160A 690V | J35: Weg | K35: 8 - Reservatório com elevatória | L35: 220V | M35: CFW110105T2OFAZ | N35: 1042514038 | U35: 30CV | V35: 220V | W35: 71.8A | X35: 3555 | Y35: 1.25 | Z35: Driver 1 | AA35: 30CV | AB35: 220V | AC35: 71.8 | AD35: 3555 | AE35: 1.25 | AF35: Driver 1 | AM35: KSB METB 80-50-200 GG | AN35: 77.98 | AO35: 79.96 | AQ35: KSB METB 80-50-200 GG | AR35: 77.98 | AS35: 79.96 | AV35: Zurich - 0 a 100 MCA | BZ35: Ultrassônico Nivelco - 0 a 5 m
A36: Borboleta | B36: 127V | C36: Sem PLC | D36: Não tem | E36: Modem ABS | F36: Sem Redundância | G36: Lupa | J36: Weidmuller | K36: 10 - Vazão com VRP | AU36: Zurick - 0 a 100 MCA | AV36: Zurick - 0 a 70 MCA | AY36: Carretél | AZ36: Isoil | BA36: MV110 | BB36: ABV007422
A37: Bosque do Imperador | B37: 127V | C37: WLP | D37: Não tem | E37: Modem LUPA | F37: Sem Redundância | G37: Clamper | H37: NH1 160A 690V | I37: Conversor 232/485 | J37: Conexel | K37: 2 - Elevatória de Água | L37: 220V | M37: CFW110045T2SZ | N37: 1006490973 | U37: 15CV | V37: 220V | W37: 36.2A | X37: 3520 | Y37: 1.15 | Z37: Driver 1 | AA37: 15CV | AB37: 220V | AC37: 36.2A | AD37: 3520 | AE37: 1.15 | AF37: Driver 1 | AU37: Zurich - 0 a 100 MCA | AV37: Zurich - 0 a 200 MCA | AY37: Carretél | AZ37: Isoil | BA37: MV110 | BB37: ABZ003341
A38: Boto 1 | B38: 127V | C38: Altus Duo, 601799 | D38: Não tem | E38: Modem LUPA | F38: Sem Redundância | G38: Lupa | H38: NH00 160A 690V | J38: Weidmuller | K38: 2 - Elevatória de Água | L38: 220V | M38: CFW110105T2OFAZ | N38: 1041335797 | U38: 20CV | V38: 220V | W38: 47A | X38: 3510 | Y38: 1.15 | Z38: Driver 1 | AA38: 20CV | AB38: 220V | AC38: 47A | AD38: 3510 | AE38: 1.15 | AF38: Driver 1 | AU38: Pressgage - 0 a 70 MCA | AV38: SMAR - Janela | AZ38: Isoil | BA38: BLIT-EM | BB38: 10000371 | CD38: Recalque: Smar -14.7 - 360 psi Troca de Conjunto feita pela chave seletora
A39: Boto 2/Boto 1 | B39: 127V | C39: WLP | D39: Não tem | E39: Modem ABS | F39: Sem Redundância | H39: NH00 40A 690V | K39: 8 - Reservatório com elevatória | L39: 220V | M39: CFW110028T2OFAZ | N39: 1053513482 | U39: 4CV | V39: 220V | W39: 10.7A | X39: 3450 | Y39: 1.15 | Z39: Driver 1 | AA39: 4CV | AB39: 220V | AC39: 10.7A | AD39: 3450 | AE39: 1.15 | AF39: Driver 1 | AU39: Zurich - 0 a 70 MCA | AV39: Zurich - 0 a 70 MCA | BZ39: Pressão | CD39: Troca de conjunto feita pela chave seletora
A40: Caiçaras (Elevatória) | B40: 127V | C40: Sem PLC | D40: Não tem | E40: Modem ABS | F40: Sem Redundância | H40: NH00 160A 690V | I40: Conversor de sinal 0-10V/4-20 mA | J40: Conexel | K40: 2 - Elevatória de Água | L40: 220V | M40: CFW110070T2OFAZ | N40: 1024479121 | U40: 20CV | V40: 220V | W40: 53.3A | X40: 1765 | Y40: 1.15 | Z40: Driver 1 | AA40: 20CV | AB40: 220V | AC40: 53.3A | AD40: 1765 | AE40: 1.15 | AF40: Driver 1 | AM40: Flowserve | AQ40: Flowserve | AU40: Zurich - 0 a 100 MCA | AV40: Pressgage - 0 a 100 MCA
A41: Caiçaras (Reservatório) | B41: 127V | C41: Sem PLC | D41: Não tem | E41: Modem LUPA | F41: Sem Redundância | G41: Lupa | I41: Ativa A800 | J41: Weg | K41: 7 - Reservatório | BZ41: Ultrassônico Nivelco - 0 a 5 m | CD41: Central de Rádio com o Reservatório Caiçaras Novo
A42: Caixa de Partida (JP) | B42: 127V | C42: Sem PLC | D42: Não tem | F42: Sem Redundância | H42: NH00 160A 690V | I42: Novus Digirail, Alphacomp RS 232 - RS 485 | J42: Weg | K42: 4 - ETA - Estação de Tratamento de Água | L42: 220V | M42: CFW110105T2OFAZ | N42: 1041335798 | U42: 40CV | V42: 220V | W42: 102A | X42: 1780 | Y42: 1.25 | Z42: Driver 1 | AA42: 40CV | AB42: 220V | AC42: 102A | AD42: 1780 | AE42: 1.25 | AF42: Driver 1 | BZ42: Ultrassônico Nivelco - 0 a 5 m
A43: Captação CDI | B43: 127V | C43: Altus Duo, SN 565578 | D43: Engetron | E43: Modem ABS | F43: Fibra | G43: Clamper | H43: WEG NH3 900A | I43: Alphacomp CS Ethernet, Alphacomp RS 232 - RS 485, Novus Digirail mA - RS 485 | J43: LR Informática | K43: 2 - Elevatória de Água | L43: 440V | M43: CFW110477T4SZ | N43: 1051283755 | O43: CFW110477T4SZ | P43: 1051283756 | Q43: CFW110477T4SZ | R43: 1051283758 | U43: 260 CV | V43: 440 | W43: 406 | X43: 1790 | Y43: 1.15 | Z43: Driver 1 | AA43: 260CV | AB43: 440 V | AC43: 406 A | AD43: 1790 | AE43: 1.15 | AF43: Driver 2 | AG43: 260CV | AH43: 440V | AI43: 406A | AJ43: 1790 | AK43: 1.15 | AL43: Driver 3 | AM43: Worthington | AQ43: Worthington | AV43: Zurich - 0 a 100 MCA | AW43: Zurich - 0 a 100 MCA | AX43: Zurich - 0 a 100 MCA | AY43: Carretél | AZ43: Indflow | BA43: BLIT-EM | BB43: 10000360 | BH43: Carretél | BI43: Indflow | BJ43: BLIT-EM | BK43: 10000321
A44: Captação Flutuante JP | B44: 127V | C44: Altus Duo, 566936 | D44: Engetron | E44: Rádio | F44: Sem Redundância | G44: Lupa | H44: 3NE1224-0 | J44: Weidmuller | K44: 2 - Elevatória de Água | L44: 440V | M44: SSW04 | O44: SSW03 | Q44: SSW04 | S44: SSW04 | U44: 40CV | V44: 440V | X44: 880 | Y44: 1.15 | Z44: Driver 1 | AA44: 40CV | AB44: 440V | AF44: Driver 2 | AG44: 40CV | AH44: 440V | AL44: Driver 3 | BZ44: Ultrassônico Nivelco - 0 a 15 m
A45: Carlos Chagas | B45: 127V | C45: Altus Duo, 266854 | D45: Não tem | E45: Modem ABS | F45: Sem Redundância | G45: Lupa | H45: NH00 160A 690V | J45: LR Informática | K45: 2 - Elevatória de Água | L45: 220V | M45: CFW110105TOFAZ | N45: 1041584247 | U45: 30CV | V45: 220V | W45: 75.8A | X45: 1770 | Y45: 1.25 | Z45: Driver 1 | AA45: 30CV | AB45: 220V | AC45: 75.8A | AD45: 1770 | AE45: 1.25 | AF45: Driver 1 | AM45: KSB ETA 80-40/2 | AQ45: KSB ETA 80-40/2 | AU45: Zurich - 0 a 70 MCA | AV45: SAR - 0 a 100 MCA | AY45: Carretél | AZ45: Isoil | BA45: MV110 | BB45: ABZ003317 | CD45: Troca de conjunto feita pela chave seletora
A46: Carlos Chagas Nova | B46: 127V | C46: Altus Nexto | D46: SMS | F46: Fibra | G46: Clamper | H46: NH3 900A 690V | I46: Alphacomp CS Ethernet | J46: Altus/Weg | K46: 2 - Elevatória de Água | L46: 660V | M46: CFW110584T60YZ | N46: 1051210355 | O46: CFW110584T60YZ | P46: 1051102583 | Q46: CFW110584T60YZ | R46: 1051210369 | U46: 400CV | V46: 660V | W46: 315A | X46: 1790 | Y46: 1.15 | Z46: Driver 1 | AA46: 400CV | AB46: 660V | AC46: 315A | AD46: 1790 | AE46: 1.15 | AF46: Driver 2 | AG46: 400CV | AH46: 660V | AI46: 315A | AJ46: 1790 | AK46: 1.15 | AL46: Driver 3 | AM46: KSB MULTITEC C 150/5-12.2 | AN46: 360 | AO46: 221 | AQ46: KSB MULTITEC C 150/5-12.2 | AR46: 360 | AS46: 221 | AU46: Zurick - 0 a 70 MCA | AV46: SMAR - Janela | AY46: Inserção | AZ46: Incontrol inco | BA46: Mag IMG 10522 | BB46: IC087816
A47: Casablanca | B47: 127V | C47: WLP | D47: Não tem | E47: Modem ABS | F47: Sem Redundância | H47: NH 000 50A 500V | J47: Weidmuller | K47: 2 - Elevatória de Água | L47: 220V | M47: CFW110033T2SZ | N47: 1026565604 | U47: 12.5CV | V47: 220V | W47: 33A | X47: 3485 | Y47: 1 | Z47: Driver 1 | AA47: 12.5CV | AB47: 220V | AC47: 30A | AD47: 3510 | AE47: 1.15 | AF47: Driver 1 | AU47: Zurich - 0 a 70 MCA | AV47: Zurich - 0 a 200 MCA
A48: Castelo Branco (Elevatória) | B48: 127V | C48: Altus Duo, 323136T | D48: Não tem | E48: Modem ABS | F48: Sem Redundância | G48: Lupa | H48: NH2 630A 690V | J48: Weidmuller | K48: 2 - Elevatória de Água | L48: 440V | M48: CFW110370T4SZ | N48: 1032341539 | O48: CFW110370T4SZ | P48: 1069811949 | U48: 250CV | V48: 440V | W48: 290A | X48: 1790 | Y48: 1.25 | Z48: Driver 1 | AA48: 250CV | AB48: 440V | AC48: 290A | AD48: 1790 | AE48: 1.25 | AF48: Driver 2 | AU48: Zurich - 0 a 100 MCA | AV48: Zurich - 0 a 200 MCA | AY48: Inserção | AZ48: Conaut | BA48: IFC050W | BB48: C1550110A | CD48: Conjunto 2 desligado
A49: Castelo Branco (ETA) | B49: 127V | C49: Altus Duo, 599034 | D49: Não tem | E49: Rádio | F49: Fibra | G49: Clamper | H49: NH02 150A 500V | I49: Alphacomp RS 232 - RS 485 | J49: LR Informática | K49: 4 - ETA - Estação de Tratamento de Água | L49: 220V | M49: SSW03 | N49: 988114 | U49: 15CV | V49: 220V | W49: 36,2A | X49: 3525 | Y49: 1.15 | Z49: Driver 1 | AA49: 15CV | AB49: 220V | AC49: 36.2A | AD49: 3525 | AE49: 1.15 | AF49: Driver 1 | CD49: 3° Andar: Rádio, Alphacomp Ethernet, DPS Lupa, Novus mA/V, Fonte LR Informática. PLC controle abertura da válvula: 599034
A50: Castelo Branco (ETA) (Vávula) | B50: 127V | C50: Altus Duo, 599034 | D50: Não tem | E50: Rádio | F50: Sem Redundância | I50: West, 2 West | J50: Weg | K50: 4 - ETA - Estação de Tratamento de Água | U50: 0,75CV | V50: 220V | W50: 3A | Y50: 1 | AY50: Carretél | AZ50: Isoil | BA50: BLIT-EM | BB50: 1000323 | BZ50: Ultrassônico Nivelco - 0 a 5 m | CD50: 2 rádios
A51: Célio Grunevald | B51: 127V | C51: Sem PLC | D51: Não tem | E51: Modem ABS | F51: Sem Redundância | G51: Clamper | J51: Weg | K51: 11 - VRP/VMP | AU51: Zurick - 0 a 100 MCA | AV51: Zurick - 0 a 100 MCA | AY51: Carretél | AZ51: Isoil | BA51: MV110 | BB51: ABV005988
A52: Ceresp (Elevatória) | B52: 127V | C52: Sem PLC | D52: Não tem | F52: Sem Redundância | H52: NH2 500A 690V | K52: 2 - Elevatória de Água | L52: 220V | M52: CFW110180T2SZ | N52: 1040802551 | U52: 60CV | V52: 220V | W52: 142A | X52: 3560 | Y52: 1 | Z52: Driver 1 | AM52: D814 Flowserve | AU52: Zurich - 0 a 70 MCA | AV52: Zurich - 0 a 200 MCA | CD52: Vazão: formulário Elev. Odilon Braga
A53: Ceresp (Reservatório) | B53: Solar | E53: Modem ABS | F53: Sem Redundância | K53: 7 - Reservatório | BZ53: Hidroestático
A54: Cesário Alvim | B54: 127V | C54: WLP | D54: Não tem | E54: Modem ABS | F54: Sem Redundância | H54: NH2 315A 690V | K54: 2 - Elevatória de Água | L54: 220V | M54: CFW110180T2SZ | N54: 1051102596 | U54: 50CV | V54: 220V | W54: 121A | X54: 3570 | Y54: 1.25 | Z54: Driver 1 | AA54: 50CV | AB54: 220V | AC54: 121A | AD54: 3570 | AE54: 1.25 | AF54: Driver 1 | AU54: Zurich - 0 a 70 MCA | AV54: Zurich - 0 a 200 MCA | AY54: Carretél | AZ54: Isoil | BA54: MV110 | BB54: ABV007423
A55: Chapéu D'uvas | B55: 127V | C55: Altus Duo, 245778 | D55: Engetron | E55: Modem ABS | F55: Fibra | G55: Clamper | H55: NH2 100kA 690V | I55: Alphacomp CS Ethernet, Alphacomp RS 232 - RS 485, Altus P08525 | J55: Weidmuller | K55: 2 - Elevatória de Água | L55: 440V | M55: CFW110370T4SZ | N55: 1015756545 | O55: CFW110370T4SZ | P55: 1013968022 | Q55: CFW110370T4SZ | R55: 1033406372 | U55: 300CV | V55: 440V | W55: 353A | X55: 1790 | Y55: 1.15 | Z55: Driver 1 | AA55: 300CV | AB55: 440V | AC55: 353A | AD55: 1790 | AE55: 1.15 | AF55: Driver 2 | AG55: 300CV | AH55: 440V | AI55: 353A | AJ55: 1790 | AK55: 1.15 | AL55: Driver 3 | AU55: Zurich - 0 a 70 MCA | AZ55: Conaut | BA55: IFC050W | BZ55: Ultrassônico Nivelco - 0 a 15 m | CD55: Sução 1: stand pipe Gerador: Alphacomp 232-485 Nível: 2x Nivelco 0 a 15m , 1 rádio, 1 fonte Weg, 1 DPS Clamper, 2 Zurick 0 a 70 mca
A56: Chapéu D'Uvas (Guarita) | B56: 127V | C56: Sem PLC | D56: Não tem | E56: Rádio | F56: Sem Redundância | G56: Clamper | J56: Weg | K56: 2 - Elevatória de Água | CD56: 2 rádios (central e retransmissão)
A57: Cidade do Sol (Booster) | B57: 127V | C57: Sem PLC | D57: Não tem | F57: Sem Redundância | H57: NH1 200A 500V | K57: 1 - Booster | L57: 220V | M57: CFW110070T2OFAZ | N57: 1024479120 | U57: 30CV | V57: 220V | W57: 71.8A | X57: 3545 | Y57: 1.25 | Z57: Driver 1 | AA57: 30CV | AB57: 220V | AC57: 71.8A | AD57: 3545 | AE57: 1.25 | AF57: Driver 1 | AM57: KSB METB 80-50-200 GG | AN57: 68 | AO57: 70 | AQ57: KSB METB 80-50-200 GG | AR57: 68 | AS57: 70 | AV57: Zurich - 0 a 200 MCA | CD57: Troca de conjunto feita pela chave seletora Comandado pelo PLC da Elevatória Cidade do Sol
A58: Cidade do Sol (Elevatória) | B58: 127V | C58: Altus Duo, 599037 | D58: Não tem | E58: Modem ABS | F58: Sem Redundância | H58: NH00 125A 690V | J58: Weidmuller | K58: 2 - Elevatória de Água | L58: 220V | M58: CFW110105T2SZ | N58: 1070727611 | U58: 25CV | V58: 220V | W58: 60.8A | X58: 3545 | Y58: 1.25 | Z58: Driver 1 | AA58: 25CV | AB58: 220V | AC58: 60.8A | AD58: 3545 | AE58: 1.25 | AF58: Driver 1 | AM58: ME-33250 B160 25 T 60 4V | AQ58: ME-33250 B160 25 T 60 4V | AU58: Zurich - 0 a 70 MCA | AV58: Gulton - 0 a 200 MCA | AY58: Carretél | AZ58: Isoil | BA58: MV110 | BB58: ABZ003311 | CD58: Fonte Weg no inversor Troca de conjunto feita pela chave seletora
A59: Cidade do Sol (Reservatório) | B59: 127V | C59: Sem PLC | D59: Não tem | G59: Lupa | I59: Ativa A800 Ethernet | J59: Weg | K59: 7 - Reservatório | BZ59: Hidroestático | CD59: Sem modem
A60: Cleveland Braga | B60: 127V | C60: Sem PLC | D60: Não tem | F60: Sem Redundância | K60: 2 - Elevatória de Água | M60: Compensador | U60: 1.5CV | V60: 220V | W60: 4.02A | X60: 3460 | Y60: 44986 | Z60: Driver 1 | AA60: 1.15CV | AB60: 220V | AC60: 4.02A | AD60: 3460 | AE60: 1.3 | AF60: Driver 1 | AU60: Zurich - 0 a 70 MCA | AV60: Zurich - 0 a 100 MCA | CD60: Troca de conjunto feita pela chave seletora.
A61: Colinas de São Pedro | B61: 127V | C61: Altus Duo, 266860 | D61: Não tem | E61: Modem ABS | F61: Sem Redundância | G61: Clamper | H61: Sitor 50A 690V | J61: Weg | K61: 1 - Booster | L61: 220V | M61: CFW08220T2024PSZ | N61: MC3595 | U61: 5CV | V61: 220V | W61: 13A | X61: 3484 | Y61: 1.15 | Z61: Driver 1 | AA61: 5CV | AB61: 220V | AC61: 13A | AD61: 3485 | AE61: 1.15 | AF61: Driver 1 | AU61: SAR - 0 a 100 MCA | AV61: Zurich - 0 a 100 MCA | CD61: Mesmo ponto Elevatória Cleveland Braga Comutação de bomba 1 para bomba 2 feita por contator.
A62: Corte de Pedra | B62: 127V | C62: Sem PLC | D62: Não tem | E62: Modem ABS | F62: Sem Redundância | G62: Clamper | J62: Weg | K62: 9 - Vazão | AU62: 0 a 100 MCA | AV62: 0 a 100 MCA | AY62: Carretél | AZ62: Isoil | BA62: MV110 | BB62: ABZ003326
A63: Democrata 1 | B63: 127V | C63: WLP | D63: Não tem | E63: Modem ABS | F63: Sem Redundância | H63: NH1 250A 690V | J63: LR Informática | K63: 1 - Booster | L63: 220V | M63: CFW110142T2SZ | N63: 1022079836 | U63: 25CV | V63: 220V | W63: 60.8A | X63: 3550 | Y63: 1.25 | Z63: Driver 1 | AA63: 25CV | AB63: 220V | AC63: 60.8A | AD63: 3550 | AE63: 1.25 | AF63: Driver 1 | AM63: KSB METB 65-40-200 GG | AN63: 51.10 | AO63: 60.30 | AQ63: KSB METB 65-40-200 GG | AR63: 51.10 | AS63: 60.30 | AU63: Zurich - 0 a 70 MCA | AV63: Zurich - 0 a 100 MCA | AY63: Carretél | AZ63: Isoil | BA63: MV110 | BB63: ABV0007420 | CD63: Troca de conjunto feita pela chave seletora
A64: Democrata 2 | B64: 127V | C64: Altus Duo, 566920 | D64: Não tem | E64: Modem LUPA | F64: Sem Redundância | G64: Lupa | H64: NH00 25A 500V | J64: Conexel | K64: 1 - Booster | L64: 220V | U64: 7.5CV | V64: 220V | W64: 19.2A | X64: 3500 | Y64: 1.15 | Z64: Driver 1 | AA64: 7.5CV | AB64: 220V | AC64: 19.2A | AD64: 3500 | AE64: 1.15 | AF64: Driver 1 | AM64: D 820 | AQ64: D 820 | AU64: Conect - 0 a 100 MCA | AV64: Pressgage - 0 a 200 MCA | AY64: Carretél | AZ64: Isoil | BA64: MV110 | BB64: ABY013403 | CD64: Não foi possível ler os dados do inversor Troca de conjunto feita pela chave seletora
A65: Dias Tavares | B65: 127V | C65: Sem PLC | D65: Não tem | E65: Modem ABS | F65: Sem Redundância | H65: NH00 50A 500V | K65: 6 - Poço Artesiano | L65: 220V | M65: CFW110033T2OFAZ | N65: 1053229140 | AV65: Zurich - 0 a 100 MCA | CD65: Manometro analogico no local Bomba dosadora: 230 V / 0,07 kW
A66: EE 01 - Barbosa Lage | B66: 127V | C66: WLP | D66: Não tem | E66: Modem ABS | F66: Sem Redundância | H66: NH00 100A 690V | I66: Conversor de sinal 0-10V/4-20 mA | J66: Weg | K66: 3 - Elevatória de Esgoto | L66: 220V | M66: CFW110070T2OFAZ | N66: 1041228763 | U66: 15CV | V66: 220V | W66: 45.9A | X66: 1160 | Z66: Driver 1 | AA66: 15CV | AB66: 220V | AC66: 45.9A | AD66: 1160 | AF66: Driver 1 | BZ66: Ultrassônico Nivelco - 0 a 5 m
A67: EE 02 - GAC | B67: 127V | C67: Altus 104 | D67: Não tem | E67: Modem ABS | F67: Sem Redundância | G67: Lupa | H67: NH00 160A 690V | J67: Weidmuller | K67: 3 - Elevatória de Esgoto | L67: 220V | M67: SSW 06 Soft Starter | U67: 20kW | V67: 220V | X67: 1160 | Y67: 1.1 | AM67: KSB KRT K 150-315/206XG 304mm | AN67: 250 | AO67: 15 | BZ67: Ultrassônico Nivelco - 0 a 5 m
A68: EE 03 - Nova Era | B68: 127V | C68: WLP | D68: Não tem | E68: Modem ABS | F68: Sem Redundância | H68: NH00 100A 690V | K68: 3 - Elevatória de Esgoto | L68: 220V | M68: CFW110054T2SZ | N68: 1006753158 | U68: 15CV | V68: 220V | W68: 32,7A | X68: 1750 | Y68: 1 | Z68: Driver 1 | AM68: ABS - AFP 1546 M1 - 05/04-B | AN68: 250 | AO68: 15 | BZ68: Ultrassônico Nivelco - 0 a 5 m
A69: EE 05 - Benfica | B69: 127V | C69: Altus 104 | D69: Não tem | E69: Modem ABS | F69: Sem Redundância | G69: Lupa | H69: NH00 63A 500V | I69: Conversor de sinal 0-10V/4-20 mA | J69: Weg | K69: 3 - Elevatória de Esgoto | L69: 220V | M69: Partida Direta | U69: 15CV | V69: 220V | AA69: 15CV | AB69: 220V | AC69: 32 | AL69: Partida Direta | AM69: ABS | AN69: 334 | AO69: 7.18 | AQ69: ABS | AR69: 334 | AS69: 7.18 | BZ69: Ultrassônico Nivelco - 0 a 5 m
A70: EE Independência | B70: 127V | C70: Nexto 3004 523355 | D70: TS Shara | E70: Modem ABS | F70: Fibra | H70: NH00 250A 690V | I70: Alphacomp CS Ethernet, Novus Digirail mA - RS 485 | J70: Delta | K70: 3 - Elevatória de Esgoto | L70: 440V | M70: CFW110142T4SZ | N70: 1034141458 | O70: CFW110142T4SZ | P70: 1034144770 | Q70: CFW110142T4SZ | R70: 1034144773 | S70: CFW110142T4SZ | T70: 1034121336 | BZ70: Ultrassônico Nivelco - 0 a 5 m | CD70: Conjunto 220V: CFW110054T2SZ 1006573161
A71: EE Nova Califórnia | B71: 127V | C71: WLP | D71: Não tem | E71: Modem ABS | F71: Sem Redundância | J71: Weidmuller | K71: 3 - Elevatória de Esgoto | L71: 220V | M71: CFW110016T2SZ | N71: 1020268934 | U71: 4CV | V71: 220V | W71: 15A | X71: 1450 | Y71: 1 | Z71: Driver 1 | AA71: 4CV | AB71: 220V | AC71: 15A | AD71: 3450 | AE71: 1 | AF71: Driver 1 | BZ71: Ultrassônico Nivelco - 0 a 5 m | CD71: Troca de conjunto feita pela chave seletora
A72: EE Terra Nostra | B72: 127V | C72: WLP | D72: Não tem | E72: Modem ABS | F72: Sem Redundância | H72: Sitor 3NE4 160A 600V | J72: Weg | K72: 3 - Elevatória de Esgoto | L72: 220V | M72: CFW110070T2OFAZ | N72: 1053261936 | BZ72: Ultrassônico Nivelco - 0 a 5 m
A73: EE Vila Ideal | B73: 127V | C73: Nexto 3004 | D73: New Orion | E73: Modem ABS | F73: Sem Redundância | H73: NH3 800A 690V | J73: Delta | K73: 3 - Elevatória de Esgoto | L73: 440V | M73: CFW110601T4SZ | N73: 1032505111 | O73: CFW110601T4SZ | P73: 1032770566 | Q73: CFW110601T4SZ | R73: 1032770567 | S73: CFW110601T4SZ | T73: 1032770568 | AY73: Ultrassônico | BA73: Aguatrans AT6KIT-06 | BB73: M09170019 | BZ73: Ultrassônico Nivelco - 0 a 5 m
A74: Eldorado | B74: 127V | C74: Altus Duo, 245787 | D74: Não tem | E74: Modem ABS | F74: Sem Redundância | G74: Lupa | H74: NH00 100A 690V | J74: Conexel Power | K74: 1 - Booster | L74: 220V | M74: CFW110070T2OFAZ | N74: 1041264033 | U74: 15CV | V74: 220V | W74: 35.4A | X74: 3525 | Y74: 1.25 | Z74: Driver 1 | AA74: 15CV | AB74: 220V | AC74: 35,4A | AD74: 3525 | AE74: 1.25 | AF74: Driver 1 | AU74: Sari - 0 a 200 MCA | AV74: Pressgage - Janela | AY74: Carretél | AZ74: Isoil | BA74: MV110 | BB74: ABV007406 | CD74: Troca de conjunto feita pela chave seletora
A75: Emaús | B75: 127V | C75: WLP | D75: Não tem | E75: Modem ABS | F75: Sem Redundância | J75: LR Informática | K75: 1 - Booster | L75: 220V | M75: CFW110016T2OFAZ | N75: 1066906981 | U75: 3CV | V75: 220V | W75: 7.81A | X75: 3460 | Y75: 1.15 | Z75: Driver 1 | AA75: 3CV | AB75: 220V | AC75: 7.81A | AD75: 3460 | AE75: 1.15 | AF75: Driver 1 | AM75: ME-BR 2230-3-T60 2/3 | AN75: 10.12 | AO75: 41.2 | AQ75: ME-BR 2230-3-T60 2/3 | AR75: 10.12 | AS75: 41.2 | AU75: Zurich - 0 a 70 MCA | AV75: Zurich - 0 a 100 MCA | CD75: Troca de conjunto feita pela chave seletora
A76: Encosta do Sol (Elevatória) | B76: 127V | C76: Altus Duo, 565575 | D76: Não tem | E76: Modem ABS | F76: Sem Redundância | G76: Clamper | H76: NH00 100A 690V | J76: Conexel Power | K76: 2 - Elevatória de Água | L76: 220V | M76: CFW110070T2OFAZ | N76: 1039443052 | U76: 20CV | V76: 220V | W76: 53,3A | X76: 1775 | Y76: 1.15 | Z76: Driver 1 | AA76: 20CV | AB76: 220V | AC76: 51,3A | AD76: 1775 | AE76: 1.25 | AF76: Driver 1 | AM76: KSB MULTITEC C 65/4-61 | AN76: 40 | AO76: 76 | AQ76: KSB MULTITEC C 65/4-61 | AR76: 40 | AS76: 76 | AU76: Zurich - 0 a 200 MCA | AV76: Pressgage - 0 a 100 MCA | AY76: Carretél | AZ76: Isoil | BA76: MV110 | BB76: ABV005993 | CD76: Troca das bombas feitas com chave comutadore
A77: Encosta do Sol (Reservatório) | B77: 127V | C77: Sem PLC | D77: Não tem | E77: Modem ABS | F77: Sem Redundância | G77: Lupa | J77: Conexel | K77: 7 - Reservatório | BZ77: Ultrassônico Nivelco - 0 a 5 m
A78: Esplanada (Elevatória) | B78: 127V | C78: Altus 104 | D78: Não tem | E78: Modem LUPA | F78: Sem Redundância | G78: Lupa | H78: NH00 125A 500V | I78: Conexel C810439.0 | J78: Conexel | K78: 2 - Elevatória de Água | L78: 220V | M78: CFW110070T2OFAZ | N78: 1053261937 | O78: SSW04 Soft Starter | P78: 195928 | U78: 20CV | V78: 220V | W78: 50.3A | X78: 3540 | Y78: 1.15 | Z78: Driver 1 | AA78: 30CV | AB78: 220V | AC78: 70A | AD78: 3500 | AE78: 1.15 | AF78: Driver 2 | AM78: WORTHINGTON | AQ78: WORTHINGTON | AU78: Zurich - 0 a 100 MCA | AV78: Zurich - 0 a 100 MCA
A79: Esplanada (Ponto Critico) | B79: 127V | C79: Sem PLC | D79: Não tem | E79: Modem ABS | F79: Sem Redundância | G79: Lupa | J79: Weidmuller | K79: 12 - Ponto Critíco | AU79: Zurick - 0 a 200 MCA | CD79: Sensor de pressão: Zurich de 0 a 200mca (com etiqueta de configurado para 0 a 70mca)
A80: Estrela Alta | B80: 127V | C80: Altus Duo, 540097 | D80: Não tem | E80: Modem ABS | F80: Sem Redundância | G80: Clamper | J80: Omron | K80: 7 - Reservatório | BZ80: Pressão | CD80: Nível: Zurick 0 a 70mca
A81: Estrela Alta (Vazão) | B81: Solar | C81: Sem PLC | D81: Não tem | E81: Modem LUPA | F81: Sem Redundância | G81: Clamper | K81: 9 - Vazão | AY81: Carretél | AZ81: Isoil | BA81: MV110 | BB81: ABV014418
A82: Estrela Sul/Guaçui | B82: 127V | C82: Sem PLC | D82: Não tem | E82: Modem ABS | F82: Sem Redundância | G82: Lupa | J82: Weg | K82: 11 - VRP/VMP | AU82: Zurick - 0 a 100 MCA | AV82: Zurick - 0 a 100 MCA | CD82: Mesmo ponto VRP Guaçui
A83: ETA CDI | B83: 127V | C83: Altus Duo, 565937 | D83: Engetron | E83: Modem ABS | F83: Fibra | H83: Eletromec 6A 500V | I83: Alphacomp CS Ethernet, Alphacomp RS 232 - RS 485, Novus Digirail mA - RS 485, 2 Alphacomp 232-485 | J83: Weidmuller | K83: 4 - ETA - Estação de Tratamento de Água | L83: 220V | M83: CFW08 | N83: 1021012410 | O83: CFW08 | Q83: CFW08 | R83: 367910 | CD83: Rádio Central
A84: ETA CDI (bombas) | H84: NH00 160A 690V | K84: 4 - ETA - Estação de Tratamento de Água | L84: 220V | M84: CFW110105T2OFAZ | N84: 1042097931 | O84: CFW08 | P84: Ácido Fluorsilicio | Q84: CFW08 | R84: Ortopolifosfato de Sódio | U84: 40CV | V84: 220V | W84: 106A | X84: 1180 | Y84: 1.25 | Z84: Driver 1 | AA84: 40CV | AB84: 220V | AC84: 106A | AD84: 1180 | AE84: 1.25 | AF84: Driver 1 | AG84: 7.5CV | AH84: 220V | AI84: 19.4A | AJ84: 3515 | AK84: 1.15 | AL84: Driver 2 | BZ84: Ultrassônico Nivelco - 0 a 5 m | CD84: Nível Debaixo da escada: Radio/ fonte Weg
A85: ETA CDI Vazoes | B85: 127V | C85: Altus Duo, 266853 | E85: Rádio | F85: Sem Redundância | J85: Weidmuller | K85: 4 - ETA - Estação de Tratamento de Água | BZ85: Ultrassônico Nivelco - 0 a 5 m
A86: ETA São Pedro | B86: 127V | C86: Altus Duo, 566911 | D86: Não tem | E86: Modem LUPA | F86: Fibra | H86: NH2 630A 690V | I86: Alphacomp CS Ethernet, Alphacomp RS 232 - RS 485, Novus Digirail mA - RS 485 | J86: Weg | K86: 4 - ETA - Estação de Tratamento de Água | L86: 440V | M86: CFW110312T4SZ | N86: 1068353170 | U86: 175CV | V86: 440V | W86: 211A | X86: 1790 | Y86: 1.25 | Z86: Driver 1 | AA86: 175CV | AB86: 440V | AC86: 211A | AD86: 1790 | AE86: 1.25 | AF86: Driver 1 | AM86: KSB MENT 200-150-400 GG | AN86: 499.82 | AO86: 69.95 | AQ86: KSB MENT 200-150-400 GG | AR86: 499.82 | AS86: 69.95 | AV86: Zurich - 0 a 100 MCA | BZ86: Ultrassônico Nivelco - 0 a 5 m | CD86: ETA São Pedro + Alto dos Pinheiros Nível caixa de partida
A87: ETE Barbosa Lage | B87: 127V | C87: Altus Duo, 266827 | D87: Não tem | E87: Rádio | F87: Fibra | G87: Clamper | H87: NH00 100A 500V/ NH01 125A 500V | I87: Alphacomp CS Ethernet, Novus Digirail mA - RS 485 | J87: Weg | K87: 5 - ETE - Estação de Tratamento de Esgoto | L87: 220V | M87: CFW110054T2SZ | N87: 1006557184 | O87: CFW110054T2SZ | P87: 1053166092 | Q87: CFW110086T2OFAZ | R87: 1033046726 | S87: CFW110054T2SZ | T87: 1006490973 | U87: 20CV | V87: 220V | W87: 52.6 | X87: 1760 | Y87: 1.15 | Z87: Driver 1 | AA87: 15CV | AB87: 220V | AC87: 45A | AD87: 1160 | AE87: 1.1 | AF87: Driver 2 | AG87: 25CV | AH87: 220V | AI87: 64,6A | AJ87: 1770 | AK87: 1.15 | AL87: Driver 3 | BZ87: Ultrassônico Nivelco - 0 a 5 m | CD87: Driver 1: Aerador da Equalização Driver 2: Aerador do Tanque Digestor Driver 3: Recirculação Bomba B Driver 4: Equalizador A e B (mais uma Soft)
A88: ETE Barbosa Lage (Soprador) | B88: 127V | C88: Sem PLC | D88: Não tem | E88: Rádio | F88: Sem Redundância | H88: NH1 350A 690V | J88: Weg | K88: 5 - ETE - Estação de Tratamento de Esgoto | L88: 440V | M88: CFW110180T4SZ | N88: 1045930579 | O88: CFW110180T4ODBZ | P88: 1053412549 | U88: 125CV | V88: 440V | W88: 141A | X88: 3575 | Y88: 1.25 | Z88: Driver 1 | AA88: 125CV | AB88: 440V | AC88: 141A | AD88: 3575 | AE88: 1.25 | AF88: Driver 2
A89: ETE União Indústria DES | B89: 127V | C89: Nexo NX3200 | D89: Não tem | F89: Fibra | I89: Alphacomp RS 232 - 485 | J89: Eaton | K89: 5 - ETE - Estação de Tratamento de Esgoto | L89: 440V | M89: CFW110088T4OFAZ | N89: 1067893720 | O89: CFW700C58P5T4DB20 | P89: 1034974385 | Q89: CFW500 | S89: CFW500 | U89: 50CV | V89: 440V | W89: 61A | X89: 1770 | Y89: 1.15 | AA89: 0.7kW | AB89: 440V | AC89: 2.95A | AD89: 1770 | AE89: 1.15 | AG89: 0.7kW | AH89: 440V | AI89: 16.4A | AJ89: 1770 | AK89: 1.15 | AY89: Carretél | AZ89: Isoil | BA89: ML110 | BH89: Carretél | BI89: Isoil | BJ89: MV110 | BK89: ABW012647 | BZ89: Ultrassônico Nivelco - 0 a 5 m | CD89: Possuí mais 4 CFW500 Motor 1: Centrifuga Motor 2: Bomba Polieletrolito (2x) Motor 3: Bomba Alimentação Decanter
A90: ETE União Indústria TP | B90: 127V | C90: Nexto NX3010 | D90: Não tem | F90: Fibra | I90: Alphacomp 232 - 485 | J90: Eaton | K90: 5 - ETE - Estação de Tratamento de Esgoto | L90: 440V | M90: CFW500AD4P3T4NB2O | N90: 1108906966 | O90: CFW500AD4P3T4NB2O | P90: 1108907224 | U90: 0.21kW | V90: 265V | W90: 1.20A | AY90: Calha Parshall | BZ90: Ultrassônico Nivelco - 0 a 5 m | CD90: 3 sensores de nível
A91: Fazendinhas Valadares | B91: 127V | C91: Altus Duo, WLP, SN395000T | D91: Não tem | E91: Rádio | F91: Fibra | G91: Clamper | I91: Alphacomp CS Ethernet | J91: Weg | K91: 4 - ETA - Estação de Tratamento de Água | L91: 220V | M91: CFW110016T2SZ | N91: 1006626531 | O91: CFW11007T2OFAZ | P91: 105164053 | U91: 3CV | V91: 220V | W91: 7.81A | X91: 3460 | Y91: 1.15 | Z91: Driver 1 | AV91: Zurich - 0 a 200 MCA | AY91: Carretél | AZ91: Isoil | BA91: MV110 | BB91: ABW000664 | BZ91: Hidroestático | CD91: Driver 1: Fazendinhas Driver 2: ETA
A92: Filgueiras | B92: 127V | C92: WLP | D92: Não tem | E92: Rádio | F92: Sem Redundância | H92: Sitor 250A 800V | K92: 2 - Elevatória de Água | L92: 220V | M92: CFW110105T2OFAZ | N92: 1053387543 | U92: 30CV | V92: 220V | W92: 72.1A | X92: 3530 | Y92: 1.15 | Z92: Driver 1 | AA92: 30CV | AB92: 220V | AC92: 72.1A | AD92: 3530 | AE92: 1.15 | AF92: Driver 1 | AU92: SAR - 0 a 100 MCA | AV92: Zurich - 0 a 200 MCA | AY92: Carretél | AZ92: Isoil | BA92: MV110 | BB92: ABZ003327
A93: Flamboyant 2 (Elevatória) | B93: 127V | C93: Altus Duo, 599025 | D93: Não tem | E93: Modem ABS | F93: Sem Redundância | G93: Lupa | H93: NH00 63A 500V | J93: LR Informática | K93: 8 - Reservatório com elevatória | L93: 220V | M93: Soft Starter SSW 04 | N93: 959200 | U93: 12.5CV | V93: 220V | W93: 29.8A | X93: 3530 | Y93: 1.25 | Z93: Driver 1 | AA93: 12.5CV | AB93: 220V | AC93: 29.8A | AD93: 3530 | AE93: 1.25 | AF93: Driver 1 | AV93: Conect - 0 a 100 MCA | BZ93: Ultrassônico Nivelco - 0 a 5 m
A94: Flamboyant 2 (Reservatório) | B94: Solar | C94: Sem PLC | D94: Não tem | E94: Modem ABS | F94: Sem Redundância | K94: 7 - Reservatório | BZ94: Ultrassônico Nivelco - 0 a 5 m
A95: Florestinha | B95: 127V | C95: Sem PLC | D95: Não tem | E95: Modem LUPA | F95: Sem Redundância | H95: NH00 50A 690V | J95: Weg | K95: 8 - Reservatório com elevatória | L95: 220V | M95: CFW110033T2OFAZ | N95: 1066215402 | U95: 10CV | V95: 220V | W95: 25A | X95: 3535 | Y95: 1.25 | Z95: Driver 1 | AA95: 10CV | AB95: 220V | AC95: 25A | AD95: 3535 | AE95: 1.25 | AF95: Driver 1 | AV95: Zurich - 0 a 200 MCA | BZ95: Hidroestático | CD95: Troca de conjunto feita pela chave seletora
A96: Fontesville | B96: 127V | C96: Altus Duo, 599039 | D96: Não tem | E96: Modem ABS | F96: Sem Redundância | G96: Lupa | H96: NH00 80A 690V | J96: LR Informática | K96: 2 - Elevatória de Água | L96: 220V | M96: CFW090054T2223PSZ | N96: BS4147 | O96: CFW110028T2OFAZ | P96: 1039442999 | U96: 15CV | V96: 220V | W96: 36.8A | X96: 3535 | Y96: 1.25 | Z96: Driver 1 | AA96: 10CV | AB96: 220V | AC96: 25A | AD96: 3530 | AE96: 1.25 | AF96: Driver 2 | AG96: 10CV | AH96: 220V | AI96: 25A | AJ96: 3530 | AK96: 1.25 | AL96: Driver 2 | AM96: KSB METB 80-50-160 GG | AN96: 60 | AO96: 45 | AQ96: KSB METB 50-32-200.1 GG | AR96: 16 | AS96: 60 | AU96: Gulton - 0 a 100 MCA | AV96: SAR - 0 a 100 MCA | AW96: SAR - 0 a 100 MCA
A97: Grajaú/Alto Grajaú | B97: 127V | C97: Altus Duo, Sem PLC, 566930 | D97: Não tem | E97: Modem Lupa | F97: Sem Redundância | G97: Clamper | H97: NH1 250A 690V | J97: Weg | K97: 8 - Reservatório com elevatória | L97: 220V | M97: CFW110142T2SZ | N97: 1024959922 | U97: 40CV | V97: 220V | W97: 99.2 | X97: 1775 | Y97: 1.25 | Z97: Driver 1 | AA97: 40CV | AB97: 220V | AC97: 99.2A | AD97: 1775 | AE97: 1.25 | AF97: Driver 1 | AM97: KSB MEGANORNM 125-80-315 GG | AQ97: KSB MEGANORNM 125-80-315 GG | AV97: Zurich - 0 a 100 MCA | AY97: Carrétel | AZ97: Danfoss | BA97: MAG 5000 | BB97: N1H5230154 | BZ97: Ultassônico Nivelco - 0 a 5 m
A98: Granbery 1 | B98: 127V | C98: Altus Duo, 599036 | D98: Não tem | E98: Modem ABS | F98: Sem Redundância | G98: Lupa | H98: Simens 3NE4 250A 800V | J98: Conexel | K98: 1 - Booster | L98: 220V | M98: CFW110211T2SZ | N98: 1039345501 | U98: 75CV | V98: 220V | W98: 173A | X98: 3565 | Y98: 1.15 | Z98: Driver 1 | AA98: 75CV | AB98: 220V | AC98: 173A | AD98: 3565 | AE98: 1.15 | AF98: Driver 1 | AM98: FLOWSERVWLE D-814.F | AQ98: FLOWSERVWLE D-814.F | AU98: Guton - 0 a 60 MCA | AV98: Zurich - 0 a 100 MCA
A99: Granbery 2 | B99: 127V | C99: WLP | D99: Não tem | E99: Modem ABS | F99: Sem Redundância | H99: SFW160 100A 500V NH00 | J99: Conexel | K99: 1 - Booster | L99: 220V | M99: CFW110024T2SZ | N99: 1065118392 | U99: 4CV | V99: 220V | W99: 10.8A | X99: 3465 | Y99: 1.25 | Z99: Driver 1 | AA99: 4CV | AB99: 220V | AC99: 10.8A | AD99: 3465 | AE99: 1.25 | AF99: Driver 1 | AM99: KSB METB 50-32-125 1 GG | AN99: 15 | AO99: 30.02 | AQ99: KSB METB 50-32-125 1 GG | AR99: 15 | AS99: 30.02 | AU99: SMAR Janela | AV99: Zurich - 0 a 70 MCA | CD99: Troca de conjunto feita pela chave seletora Sensor do Recalque configurado de 0 a 85 MCA
A100: Granjas JP | B100: 127V | C100: Sem PLC | D100: Não tem | F100: Sem Redundância | H100: NH00 63A 500V | I100: Contemp | K100: 8 - Reservatório com elevatória | L100: 220V | U100: 7.5CV | V100: 220V | W100: 20A | X100: 3480 | Y100: 1.15 | AV100: Zurich - 0 a 100 MCA | BZ100: Ultrassônico Nivelco - 0 a 5 m
...

Sheet BR 440 (VRP)
B1: Dados dos Equipamentos Local: BR 440 Tipo: VRP
A5: Dados Telemetria
A6: Comunicação | B6: ='Respostas ao formulário 1'!E236 -> Modem ABS
A7: Redundância | B7: ='Respostas ao formulário 1'!F236 -> 0
A8: Alimentação | B8: ='Respostas ao formulário 1'!J236 -> Weg
A9: DPS | B9: ='Respostas ao formulário 1'!G236 -> Clamper
A11: Dados da VRP
A12: Sensor à Jusante | B12: ='Respostas ao formulário 1'!AU236 -> 0 a 70 MCA
A13: Sensor à Montante | B13: ='Respostas ao formulário 1'!AV236 -> 0 a 100 MCA
A14: Modelo Vazão | B14: ='Respostas ao formulário 1'!BA236 -> 0

Sheet Caiçaras Novo
B1: Dados dos Equipamentos Local: Caiçaras Novo Tipo: Reservatório
A5: Dados Telemetria
A6: Comunicação | B6: ='Respostas ao formulário 1'!E235 -> Rádio
A7: Redundância | B7: ='Respostas ao formulário 1'!F235 -> Sem Redundância
A8: Alimentação | B8: ='Respostas ao formulário 1'!J235 -> 0
A9: DPS | B9: ='Respostas ao formulário 1'!G235 -> 0
A11: Dados do Reservatório
A12: Tipo de Sensor | B12: ='Respostas ao formulário 1'!BZ235 -> Radar Nivelco
A13: Fusível | B13: ='Respostas ao formulário 1'!H235 -> 0
A15: Dimensões
A16: Altura Total (m)
A18: Altura do 0% (4mA) (m)
A20: Altura do 100% (20mA) (m)

Sheet Cesário Alvim
B1: Dados dos Equipamentos Local: Cesário Alvim Tipo: Elevatória de Água
A5: Dados Telemetria
A6: Comunicação | B6: ='Respostas ao formulário 1'!E54 -> Modem ABS
A7: Redundância | B7: ='Respostas ao formulário 1'!F54 -> Sem Redundância
A8: Marca da Fonte | B8: ='Respostas ao formulário 1'!J54 -> 0
A9: DPS | B9: ='Respostas ao formulário 1'!G54 -> 0
A11: Dados Inversor
A12: Acionamento | B12: ='Respostas ao formulário 1'!L54 -> 220V
A13: Fusível | B13: ='Respostas ao formulário 1'!H54 -> NH2 315A 690V
A14: Driver 1 | B14: ='Respostas ao formulário 1'!M54 -> CFW110180T2SZ
A15: Serial | B15: ='Respostas ao formulário 1'!N54 -> 1051102596
A17: Dados Motores
A18: Fabricante | B18: Carcaça | C18: Potência | D18: Tensão | E18: Corrente | F18: RPM | G18: FS | H18: Acionamento
C19: ='Respostas ao formulário 1'!U54 -> 50CV | D19: ='Respostas ao formulário 1'!V54 -> 220V | E19: ='Respostas ao formulário 1'!W54 -> 121A | F19: ='Respostas ao formulário 1'!X54 -> 3570 | G19: ='Respostas ao formulário 1'!Y54 -> 1.25 | H19: ='Respostas ao formulário 1'!Z54 -> Driver 1
A20: Fabricante | B20: Carcaça | C20: Potência | D20: Tensão | E20: Corrente | F20: RPM | G20: FS | H20: Acionamento
C21: ='Respostas ao formulário 1'!AA54 -> 50CV | D21: ='Respostas ao formulário 1'!AB54 -> 220V | E21: ='Respostas ao formulário 1'!AC54 -> 121A | F21: ='Respostas ao formulário 1'!AD54 -> 3570 | G21: ='Respostas ao formulário 1'!AE54 -> 1.25 | H21: ='Respostas ao formulário 1'!AF54 -> Driver 1
A23: Sensores
A24: Sucção | B24: Recalque | C24: Modelo Vazão
A25: ='Respostas ao formulário 1'!AU54 -> Zurich - 0 a 70 MCA | B25: ='Respostas ao formulário 1'!AV54 -> Zurich - 0 a 200 MCA | C25: ='Respostas ao formulário 1'!BA54 -> MV110

Sheet Santa Isabel
B1: Dados dos Equipamentos Local: Santa Isabel Tipo: Booster
A5: Dados Telemetria
A6: Comunicação | B6: ='Respostas ao formulário 1'!E185 -> Modem ABS
A7: Redundância | B7: ='Respostas ao formulário 1'!F185 -> Sem Redundância
A8: Marca da Fonte | B8: ='Respostas ao formulário 1'!J185 -> Delta
A9: DPS | B9: ='Respostas ao formulário 1'!G185 -> 0
A11: Dados Inversor
A12: Acionamento | B12: ='Respostas ao formulário 1'!L185 -> 220V
A13: Fusível | B13: ='Respostas ao formulário 1'!H185 -> NH00 50A 500V
A14: Driver 1 | B14: ='Respostas ao formulário 1'!M185 -> CFW110045T2SZ
A15: Serial | B15: ='Respostas ao formulário 1'!N185 -> 1066032030
A17: Dados Motores
A18: Fabricante | B18: Carcaça | C18: Potência | D18: Tensão | E18: Corrente | F18: RPM | G18: FS | H18: Acionamento
C19: ='Respostas ao formulário 1'!U185 -> 15CV | D19: ='Respostas ao formulário 1'!V185 -> 220V | E19: ='Respostas ao formulário 1'!W185 -> 35.4A | F19: ='Respostas ao formulário 1'!X185 -> 3510 | G19: ='Respostas ao formulário 1'!Y185 -> 1.15 | H19: ='Respostas ao formulário 1'!Z185 -> Driver 1
A20: Fabricante | B20: Carcaça | C20: Potência | D20: Tensão | E20: Corrente | F20: RPM | G20: FS | H20: Acionamento
C21: ='Respostas ao formulário 1'!AA185 -> 15CV | D21: ='Respostas ao formulário 1'!AB185 -> 220V | E21: ='Respostas ao formulário 1'!AC185 -> 35.4A | F21: ='Respostas ao formulário 1'!AD185 -> 3510 | G21: ='Respostas ao formulário 1'!AE185 -> 1.15 | H21: ='Respostas ao formulário 1'!AF185 -> Driver 1
A23: Sensores
A24: Sucção | B24: Recalque | C24: Modelo Vazão
A25: ='Respostas ao formulário 1'!AU185 -> Zurich - 0 a 70 MCA | B25: ='Respostas ao formulário 1'!AV185 -> Zurich - 0 a 200 MCA | C25: ='Respostas ao formulário 1'!BA185 -> 0

Sheet São Damião
B1: Dados dos Equipamentos Local: São Damião Tipo: Booster
A5: Dados Telemetria
A6: Comunicação | B6: ='Respostas ao formulário 1'!E198 -> Modem ABS
A7: Redundância | B7: ='Respostas ao formulário 1'!F198 -> Sem Redundância
A8: Marca da Fonte | B8: ='Respostas ao formulário 1'!J198 -> LR Informática
A9: DPS | B9: ='Respostas ao formulário 1'!G198 -> 0
A11: Dados Inversor
A12: Acionamento | B12: ='Respostas ao formulário 1'!L198 -> 220V
A13: Fusível | B13: ='Respostas ao formulário 1'!H198 -> NH1 350A 690V
A14: Driver 1 | B14: ='Respostas ao formulário 1'!M198 -> CFW110180T2SZ
A15: Serial | B15: ='Respostas ao formulário 1'!N198 -> 1053340198
A17: Dados Motores
A18: Fabricante | B18: Carcaça | C18: Potência | D18: Tensão | E18: Corrente | F18: RPM | G18: FS | H18: Acionamento
C19: ='Respostas ao formulário 1'!U198 -> 40CV | D19: ='Respostas ao formulário 1'!V198 -> 220V | E19: ='Respostas ao formulário 1'!W198 -> 99A | F19: ='Respostas ao formulário 1'!X198 -> 3560 | G19: ='Respostas ao formulário 1'!Y198 -> 1.25 | H19: ='Respostas ao formulário 1'!Z198 -> Driver 1
A20: Fabricante | B20: Carcaça | C20: Potência | D20: Tensão | E20: Corrente | F20: RPM | G20: FS | H20: Acionamento
C21: ='Respostas ao formulário 1'!AA198 -> 40CV | D21: ='Respostas ao formulário 1'!AB198 -> 220V | E21: ='Respostas ao formulário 1'!AC198 -> 99A | F21: ='Respostas ao formulário 1'!AD198 -> 3560 | G21: ='Respostas ao formulário 1'!AE198 -> 1.25 | H21: ='Respostas ao formulário 1'!AF198 -> Driver 1
A23: Sensores
A24: Sucção | B24: Recalque | C24: Modelo Vazão
A25: ='Respostas ao formulário 1'!AU198 -> Pressgage - 0 a 100 MCA | B25: ='Respostas ao formulário 1'!AV198 -> Zurich - 0 a 200 MCA | C25: ='Respostas ao formulário 1'!BA198 -> MV110

Sheet São Judas 1
B1: Dados dos Equipamentos Local:São Judas 1 Tipo: Elevatória de Água
A5: Dados Telemetria | C5: *Aqui é importante manter o conjunto 2 em funcionamento porque ele tem uma vazão maior do que a do conjunto 1
A6: Comunicação | B6: ='Respostas ao formulário 1'!E200 -> Modem ABS
A7: Redundância | B7: ='Respostas ao formulário 1'!F200 -> Sem Redundância
A8: Marca da Fonte | B8: ='Respostas ao formulário 1'!J200 -> Weg
A9: DPS | B9: ='Respostas ao formulário 1'!G200 -> Clamper
A11: Dados Inversor
A12: Acionamento | B12: ='Respostas ao formulário 1'!L200 -> 220V
A13: Fusível | B13: ='Respostas ao formulário 1'!H200 -> NH00 160A 690V
A14: Driver 1 | B14: ='Respostas ao formulário 1'!M200 -> CFW110105T2SZ
A15: Serial | B15: ='Respostas ao formulário 1'!N200 -> 1067714486
A17: Dados Motores
A18: Fabricante | B18: Carcaça | C18: Potência | D18: Tensão | E18: Corrente | F18: RPM | G18: FS | H18: Acionamento
C19: ='Respostas ao formulário 1'!U200 -> 40CV | D19: ='Respostas ao formulário 1'!V200 -> 220V | E19: ='Respostas ao formulário 1'!W200 -> 102A | F19: ='Respostas ao formulário 1'!X200 -> 1780 | G19: ='Respostas ao formulário 1'!Y200 -> 1.25 | H19: ='Respostas ao formulário 1'!Z200 -> Driver 1
A20: Fabricante | B20: Carcaça | C20: Potência | D20: Tensão | E20: Corrente | F20: RPM | G20: FS | H20: Acionamento
C21: ='Respostas ao formulário 1'!AA200 -> 40CV | D21: ='Respostas ao formulário 1'!AB200 -> 220V | E21: ='Respostas ao formulário 1'!AC200 -> 102A | F21: ='Respostas ao formulário 1'!AD200 -> 1780 | G21: ='Respostas ao formulário 1'!AE200 -> 1.25 | H21: ='Respostas ao formulário 1'!AF200 -> Driver 1
A23: Sensores
A24: Sucção | B24: Recalque | C24: Vazão
A25: ='Respostas ao formulário 1'!AU200 -> Zurich - 0 a 70 MCA | B25: ='Respostas ao formulário 1'!AV200 -> Pressgage - 0 a 100 MCA | C25: ='Respostas ao formulário 1'!BA200 -> MV110

Sheet Spinaville
B1: Dados dos Equipamentos Local:Spinaville Tipo: Elevatória de Água
A5: Dados Telemetria
A6: Comunicação | B6: ='Respostas ao formulário 1'!E208 -> Modem ABS
A7: Redundância | B7: ='Respostas ao formulário 1'!F208 -> Sem Redundância
A8: Marca da Fonte | B8: ='Respostas ao formulário 1'!J208 -> Weidmuller
A9: DPS | B9: ='Respostas ao formulário 1'!G208 -> 0
A11: Dados Inversor
A12: Acionamento | B12: ='Respostas ao formulário 1'!L208 -> 220V
A13: Fusível | B13: ='Respostas ao formulário 1'!H208 -> NH00 60A 690V
A14: Driver 1 | B14: ='Respostas ao formulário 1'!M208 -> CFW110054T2OFAZ
A15: Serial | B15: ='Respostas ao formulário 1'!N208 -> 1039442997
A17: Dados Motores
A18: Fabricante | B18: Carcaça | C18: Potência | D18: Tensão | E18: Corrente | F18: RPM | G18: FS | H18: Acionamento
C19: ='Respostas ao formulário 1'!U208 -> 20CV | D19: ='Respostas ao formulário 1'!V208 -> 220V | E19: ='Respostas ao formulário 1'!W208 -> 49.8A | F19: ='Respostas ao formulário 1'!X208 -> 3545 | G19: ='Respostas ao formulário 1'!Y208 -> 1.25 | H19: ='Respostas ao formulário 1'!Z208 -> Driver 1
A21: Sensores
A22: Sucção | B22: Recalque | C22: Vazão
A23: ='Respostas ao formulário 1'!AU208 -> Zurich - 0 a 70 MCA | B23: ='Respostas ao formulário 1'!AV208 -> Zurich - 0 a 200 MCA | C23: ='Respostas ao formulário 1'!BA208 -> MV110

Sheet Santa Casa
B1: Dados dos Equipamentos Local: Santa Casa Tipo: Vazão
A5: Dados Telemetria
A6: Comunicação | B6: ='Respostas ao formulário 1'!E182 -> Modem LUPA
A7: Redundância | B7: ='Respostas ao formulário 1'!F182 -> Sem Redundância
A8: Alimentação | B8: ='Respostas ao formulário 1'!J182 -> LR Informática
A9: PLC | B9: ='Respostas ao formulário 1'!C182 -> Altus 104
A10: DPS | B10: ='Respostas ao formulário 1'!G182 -> Lupa
A12: Dados da Estação
A13: Sensor | B13: ='Respostas ao formulário 1'!AU182 -> 0
A14: Modelo Vazão | B14: ='Respostas ao formulário 1'!BA182 -> Mag 5000

Sheet Pq Independencia 1 Pq Independe
B1: Dados dos Equipamentos Local: Parque Independência 2/ Parque Independência 1 Tipo: Reservatório com Elevatória
A5: Dados Telemetria
A6: Comunicação | B6: ='Respostas ao formulário 1'!E154 -> Modem ABS
A7: Redundância | B7: ='Respostas ao formulário 1'!F154 -> Sem Redundância
A8: Marca da Fonte | B8: ='Respostas ao formulário 1'!J154 -> Conexel Power
A9: DPS | B9: ='Respostas ao formulário 1'!G154 -> 0
A11: Dados Inversor
A12: Acionamento | B12: ='Respostas ao formulário 1'!L154 -> 220V
A13: Fusível | B13: ='Respostas ao formulário 1'!H154 -> 0
A14: Driver 1 | B14: ='Respostas ao formulário 1'!M154 -> CFW110007T2OFAZ
A15: Serial | B15: ='Respostas ao formulário 1'!N154 -> 1051643054
A17: Dados Motores
A18: Fabricante | B18: Carcaça | C18: Potência | D18: Tensão | E18: Corrente | F18: RPM | G18: FS | H18: Acionamento
C19: ='Respostas ao formulário 1'!U154 -> 1.5CV | D19: ='Respostas ao formulário 1'!V154 -> 220V | E19: ='Respostas ao formulário 1'!W154 -> 4.4A | F19: ='Respostas ao formulário 1'!X154 -> 3420 | G19: ='Respostas ao formulário 1'!Y154 -> 1.15 | H19: ='Respostas ao formulário 1'!Z154 -> Driver 1
A20: Fabricante | B20: Carcaça | C20: Potência | D20: Tensão | E20: Corrente | F20: RPM | G20: FS | H20: Acionamento
C21: ='Respostas ao formulário 1'!AA154 -> 1.5CV | D21: ='Respostas ao formulário 1'!AB154 -> 220V | E21: ='Respostas ao formulário 1'!AC154 -> 4.4A | F21: ='Respostas ao formulário 1'!AD154 -> 3420 | G21: ='Respostas ao formulário 1'!AE154 -> 1.15 | H21: ='Respostas ao formulário 1'!AF154 -> Driver 1
A23: Sensores
A24: Sucção | B24: Recalque | C24: Modelo Vazão
A25: ='Respostas ao formulário 1'!AU154 -> 0 | B25: ='Respostas ao formulário 1'!AV154 -> Zurich - 0 a 100 MCA | C25: ='Respostas ao formulário 1'!BA154 -> MV110
A27: Dados do Reservatório
A28: Tipo de Sensor | B28: ='Respostas ao formulário 1'!BZ154 -> Ultrassônico Nivelco - 0 a 5 m
A30: Dimensões
A31: Altura Total (m)
A32: 3.5
A33: Altura do 0% (4mA) (m)
A34: 0
A35: Altura do 100% (20mA) (m)
A36: 3.05

Sheet Nova Benfica 3Nova Benfica 2
B1: Dados dos Equipamentos Local: Nova Benfica 3/ Nova Benfica 2 Tipo: Reservatório com Elevatória
A5: Dados Telemetria
A6: Comunicação | B6: ='Respostas ao formulário 1'!E136 -> Modem ABS
A7: Redundância | B7: ='Respostas ao formulário 1'!F136 -> Sem Redundância
A8: Marca da Fonte | B8: ='Respostas ao formulário 1'!J120 -> Conexel
A9: DPS | B9: ='Respostas ao formulário 1'!G120 -> 0
A11: Dados Inversor
A12: Acionamento | B12: ='Respostas ao formulário 1'!L136 -> 200V
A13: Fusível | B13: ='Respostas ao formulário 1'!H136 -> 0
A14: Driver 1 | B14: ='Respostas ao formulário 1'!M136 -> CFW110007T2OFAZ
A15: Serial | B15: ='Respostas ao formulário 1'!N136 -> 1067389201
A17: Dados Motores
A18: Fabricante | B18: Carcaça | C18: Potência | D18: Tensão | E18: Corrente | F18: RPM | G18: FS | H18: Acionamento
C19: ='Respostas ao formulário 1'!U136 -> 0.5 CV | D19: ='Respostas ao formulário 1'!V136 -> 220V | E19: ='Respostas ao formulário 1'!W136 -> 2A | F19: ='Respostas ao formulário 1'!X136 -> 3485 | G19: ='Respostas ao formulário 1'!Y136 -> 1.60 | H19: ='Respostas ao formulário 1'!Z136 -> Driver 1
A20: Fabricante | B20: Carcaça | C20: Potência | D20: Tensão | E20: Corrente | F20: RPM | G20: FS | H20: Acionamento
C21: ='Respostas ao formulário 1'!AA136 -> 0.5CV | D21: ='Respostas ao formulário 1'!AB136 -> 220V | E21: ='Respostas ao formulário 1'!AC136 -> 2A | F21: ='Respostas ao formulário 1'!AD136 -> 3485 | G21: ='Respostas ao formulário 1'!AE136 -> 1.60 | H21: ='Respostas ao formulário 1'!AF136 -> Driver 1
A23: Sensores
A24: Sucção | B24: Recalque | C24: Modelo Vazão
A25: ='Respostas ao formulário 1'!AU136 -> 0 | B25: ='Respostas ao formulário 1'!AV136 -> SAR - Janela | C25: ='Respostas ao formulário 1'!BA136 -> 0
A27: Dados do Reservatório
A28: Tipo de Sensor | B28: ='Respostas ao formulário 1'!BZ136 -> Ultrassônico Nivelco - 0 a 5 m
A30: Dimensões
A31: Altura Total (m)
A32: 4.03
A33: Altura do 0% (4mA) (m)
A34: 0
A35: Altura do 100% (20mA) (m)
A36: 3.2

Sheet Bosque do Imperador
B1: Dados dos Equipamentos Local: Bosque do Imperador Tipo: Elevatória de Água
A5: Dados Telemetria
A6: Comunicação | B6: ='Respostas ao formulário 1'!E37 -> Modem LUPA
A7: Redundância | B7: ='Respostas ao formulário 1'!F37 -> Sem Redundância
A8: Marca da Fonte | B8: ='Respostas ao formulário 1'!J37 -> Conexel
A9: DPS | B9: ='Respostas ao formulário 1'!G37 -> Clamper
A11: Dados Inversor
A12: Acionamento | B12: ='Respostas ao formulário 1'!L37 -> 220V
A13: Fusível | B13: ='Respostas ao formulário 1'!H37 -> NH1 160A 690V
A14: Driver 1 | B14: ='Respostas ao formulário 1'!M37 -> CFW110045T2SZ
A15: Serial | B15: ='Respostas ao formulário 1'!N37 -> 1006490973
A17: Dados Motores
A18: Fabricante | B18: Carcaça | C18: Potência | D18: Tensão | E18: Corrente | F18: RPM | G18: FS | H18: Acionamento
C19: ='Respostas ao formulário 1'!U37 -> 15CV | D19: ='Respostas ao formulário 1'!V37 -> 220V | E19: ='Respostas ao formulário 1'!W37 -> 36.2A | F19: ='Respostas ao formulário 1'!X37 -> 3520 | G19: ='Respostas ao formulário 1'!Y37 -> 1.15 | H19: ='Respostas ao formulário 1'!Z37 -> Driver 1
A20: Fabricante | B20: Carcaça | C20: Potência | D20: Tensão | E20: Corrente | F20: RPM | G20: FS | H20: Acionamento
C21: ='Respostas ao formulário 1'!AA37 -> 15CV | D21: ='Respostas ao formulário 1'!AB37 -> 220V | E21: ='Respostas ao formulário 1'!AC37 -> 36.2A | F21: ='Respostas ao formulário 1'!AD37 -> 3520 | G21: ='Respostas ao formulário 1'!AE37 -> 1.15 | H21: ='Respostas ao formulário 1'!AF37 -> Driver 1
A23: Sensores
A24: Sucção | B24: Recalque | C24: Modelo Vazão
A25: ='Respostas ao formulário 1'!AU37 -> Zurich - 0 a 100 MCA | B25: ='Respostas ao formulário 1'!AV37 -> Zurich - 0 a 200 MCA | C25: ='Respostas ao formulário 1'!BA37 -> MV110

Sheet Borboleta
B1: Dados dos Equipamentos Local: Borboleta Tipo: VRP
A5: Dados Telemetria
A6: Comunicação | B6: ='Respostas ao formulário 1'!E36 -> Modem ABS
A7: Redundância | B7: ='Respostas ao formulário 1'!F36 -> Sem Redundância
A8: Alimentação | B8: ='Respostas ao formulário 1'!J36 -> Weidmuller
A9: DPS | B9: ='Respostas ao formulário 1'!G36 -> Lupa
A11: Dados da VRP
A12: Sensor à Jusante | B12: ='Respostas ao formulário 1'!AU36 -> Zurick - 0 a 100 MCA
A13: Sensor à Montante | B13: ='Respostas ao formulário 1'!AV36 -> Zurick - 0 a 70 MCA
A14: Modelo Vazão 1 | B14: ='Respostas ao formulário 1'!BA36 -> MV110

Sheet Bethania
B1: Dados dos Equipamentos Local: Bethânia Tipo: Booster
A5: Dados Telemetria
A6: Comunicação | B6: ='Respostas ao formulário 1'!E30 -> Modem ABS
A7: Redundância | B7: ='Respostas ao formulário 1'!F30 -> Sem Redundância
A8: Marca da Fonte | B8: ='Respostas ao formulário 1'!J30 -> Balluff
A9: DPS | B9: ='Respostas ao formulário 1'!G30 -> 0
A11: Dados Inversor
A12: Acionamento | B12: ='Respostas ao formulário 1'!L30 -> 220V
A13: Fusível | B13: ='Respostas ao formulário 1'!H30 -> NH00 40A 690V
A14: Driver 1 | B14: ='Respostas ao formulário 1'!M30 -> CFW110024TSOFAZ
A15: Serial | B15: ='Respostas ao formulário 1'!N30 -> 1039443048
A17: Dados Motores
A18: Fabricante | B18: Carcaça | C18: Potência | D18: Tensão | E18: Corrente | F18: RPM | G18: FS | H18: Acionamento
C19: ='Respostas ao formulário 1'!U30 -> 5CV | D19: ='Respostas ao formulário 1'!V30 -> 220V | E19: ='Respostas ao formulário 1'!W30 -> 13.1 | F19: ='Respostas ao formulário 1'!X30 -> 3510 | G19: ='Respostas ao formulário 1'!Y30 -> 1.15 | H19: ='Respostas ao formulário 1'!Z30 -> Driver 1
A20: Fabricante | B20: Carcaça | C20: Potência | D20: Tensão | E20: Corrente | F20: RPM | G20: FS | H20: Acionamento
C21: ='Respostas ao formulário 1'!AA30 -> 5CV | D21: ='Respostas ao formulário 1'!AB30 -> 220V | E21: ='Respostas ao formulário 1'!AC30 -> 12.7 | F21: ='Respostas ao formulário 1'!AD30 -> 3505 | G21: ='Respostas ao formulário 1'!AE30 -> 1.15 | H21: ='Respostas ao formulário 1'!AF30 -> Driver 1
A23: Sensores
A24: Sucção | B24: Recalque | C24: Modelo Vazão
A25: ='Respostas ao formulário 1'!AU30 -> Smar - 0 a 100 MCA | B25: ='Respostas ao formulário 1'!AV30 -> Conect - 0 a 100 MCA | C25: ='Respostas ao formulário 1'!BA30 -> 0

Sheet Benfica (Booster)
B1: Dados dos Equipamentos Local: Benfica Tipo: Booster
A5: Dados Telemetria
A6: Comunicação | B6: ='Respostas ao formulário 1'!E29 -> Modem ABS
A7: Redundância | B7: ='Respostas ao formulário 1'!F29 -> Sem Redundância
A8: Marca da Fonte | B8: ='Respostas ao formulário 1'!J29 -> Weg
A9: DPS | B9: ='Respostas ao formulário 1'!G29 -> 0
A11: Dados Inversor
A12: Acionamento | B12: ='Respostas ao formulário 1'!L29 -> 220V
A13: Fusível | B13: ='Respostas ao formulário 1'!H29 -> NH00 40A 690V
A14: Driver 1 | B14: ='Respostas ao formulário 1'!M29 -> CFW110024T2OFAZ
A15: Serial | B15: ='Respostas ao formulário 1'!N29 -> 1041235936
A17: Dados Motores
A18: Fabricante | B18: Carcaça | C18: Potência | D18: Tensão | E18: Corrente | F18: RPM | G18: FS | H18: Acionamento
C19: ='Respostas ao formulário 1'!U29 -> 5CV | D19: ='Respostas ao formulário 1'!V29 -> 220V | E19: ='Respostas ao formulário 1'!W29 -> 12.8A | F19: ='Respostas ao formulário 1'!X29 -> 3475 | G19: ='Respostas ao formulário 1'!Y29 -> 1.15 | H19: ='Respostas ao formulário 1'!Z29 -> Driver 1
A20: Fabricante | B20: Carcaça | C20: Potência | D20: Tensão | E20: Corrente | F20: RPM | G20: FS | H20: Acionamento
C21: ='Respostas ao formulário 1'!AA29 -> 5CV | D21: ='Respostas ao formulário 1'!AB29 -> 220V | E21: ='Respostas ao formulário 1'!AC29 -> 12.8A | F21: ='Respostas ao formulário 1'!AD29 -> 3475 | G21: ='Respostas ao formulário 1'!AE29 -> 1.15 | H21: ='Respostas ao formulário 1'!AF29 -> Driver 1
A23: Sensores
A24: Sucção | B24: Recalque | C24: Modelo Vazão
A25: ='Respostas ao formulário 1'!AU29 -> Pressgage - 0 a 100 MCA | B25: ='Respostas ao formulário 1'!AV29 -> Pressgage - 0 a 100 MCA | C25: ='Respostas ao formulário 1'!BA29 -> 0

Sheet Belo Vale (VRP)
B1: Dados dos Equipamentos Local: Belo Vale/ Borda da Mata Tipo: VRP
A5: Dados Telemetria
A6: Comunicação | B6: ='Respostas ao formulário 1'!E27 -> Modem ABS
A7: Redundância | B7: ='Respostas ao formulário 1'!F27 -> Sem Redundância
A8: Alimentação | B8: ='Respostas ao formulário 1'!J27 -> 0
A9: DPS | B9: ='Respostas ao formulário 1'!G27 -> Lupa
A11: Dados da VRP
A12: Sensor à Jusante | B12: ='Respostas ao formulário 1'!AU27 -> 0
A13: Sensor à Montante | B13: ='Respostas ao formulário 1'!AV27 -> SAR - 0 a 100 MCA
A14: Modelo Vazão Belo Vale | B14: ='Respostas ao formulário 1'!BA27 -> 0
A15: Modelo Vazão Borda da Mata | B15: ='Respostas ao formulário 1'!BJ27 -> 0

Sheet Belo Vale
B1: Dados dos Equipamentos Local: Belo Vale Tipo: Booster
A5: Dados Telemetria
A6: Comunicação | B6: ='Respostas ao formulário 1'!E27 -> Modem ABS
A7: Redundância | B7: ='Respostas ao formulário 1'!F27 -> Sem Redundância
A8: Marca da Fonte | B8: ='Respostas ao formulário 1'!J27 -> 0
A9: DPS | B9: ='Respostas ao formulário 1'!G27 -> Lupa
A11: Dados Inversor
A12: Acionamento | B12: ='Respostas ao formulário 1'!L27 -> 220V
A13: Fusível | B13: ='Respostas ao formulário 1'!H27 -> D 16A 500V
A14: Driver 1 | B14: ='Respostas ao formulário 1'!M27 -> CFW110016T2SZ
A15: Serial | B15: ='Respostas ao formulário 1'!N27 -> 1038965331
A17: Dados Motores
A18: Fabricante | B18: Carcaça | C18: Potência | D18: Tensão | E18: Corrente | F18: RPM | G18: FS | H18: Acionamento
C19: ='Respostas ao formulário 1'!U27 -> 3CV | D19: ='Respostas ao formulário 1'!V27 -> 220V | E19: ='Respostas ao formulário 1'!W27 -> 7.5A | F19: ='Respostas ao formulário 1'!X27 -> 3450 | G19: ='Respostas ao formulário 1'!Y27 -> 1.15 | H19: ='Respostas ao formulário 1'!Z27 -> Driver 1
A20: Fabricante | B20: Carcaça | C20: Potência | D20: Tensão | E20: Corrente | F20: RPM | G20: FS | H20: Acionamento
C21: ='Respostas ao formulário 1'!AA27 -> 3CV | D21: ='Respostas ao formulário 1'!AB27 -> 220V | E21: ='Respostas ao formulário 1'!AC27 -> 7.5A | F21: ='Respostas ao formulário 1'!AD27 -> 3450 | G21: ='Respostas ao formulário 1'!AE27 -> 1.15 | H21: ='Respostas ao formulário 1'!AF27 -> Driver 1
A23: Sensores
A24: Sucção | B24: Recalque | C24: Modelo Vazão
A25: ='Respostas ao formulário 1'!AU27 -> 0 | B25: ='Respostas ao formulário 1'!AV27 -> SAR - 0 a 100 MCA | C25: ='Respostas ao formulário 1'!BA27 -> 0

Sheet Belmiro Braga
B1: Dados dos Equipamentos Local: Belmiro Braga Tipo: Elevatória de Água
A5: Dados Telemetria
A6: Comunicação | B6: ='Respostas ao formulário 1'!E26 -> Modem ABS Ethernet
A7: Redundância | B7: ='Respostas ao formulário 1'!F26 -> Fibra
A8: Marca da Fonte | B8: ='Respostas ao formulário 1'!J26 -> Weg
A9: DPS | B9: ='Respostas ao formulário 1'!G26 -> Lupa
A11: Dados Inversor
A12: Acionamento | B12: ='Respostas ao formulário 1'!L26 -> 440V | C12: Fusível | D12: ='Respostas ao formulário 1'!H26 -> NH 2 710A 690V
A13: Driver 1 | B13: ='Respostas ao formulário 1'!M26 -> CFW110211T4SZ | C13: Driver 2 | D13: ='Respostas ao formulário 1'!O26 -> CFW110370T4SZ
A14: Serial | B14: ='Respostas ao formulário 1'!N26 -> 1023329962 | C14: Serial | D14: ='Respostas ao formulário 1'!P26 -> 1051050031
A16: Dados Motores
A17: Fabricante | B17: Carcaça | C17: Potência | D17: Tensão | E17: Corrente | F17: RPM | G17: FS | H17: Acionamento
A18: Weg | B18: 355 M/L | C18: ='Respostas ao formulário 1'!U26 -> 300CV | D18: ='Respostas ao formulário 1'!V26 -> 440 | E18: ='Respostas ao formulário 1'!W26 -> 343 | F18: ='Respostas ao formulário 1'!X26 -> 1790 | G18: ='Respostas ao formulário 1'!Y26 -> 1.15 | H18: ='Respostas ao formulário 1'!Z26 -> Driver 1
A19: Fabricante | B19: Carcaça | C19: Potência | D19: Tensão | E19: Corrente | F19: RPM | G19: FS | H19: Acionamento
A20: Weg | B20: 355 M/L | C20: ='Respostas ao formulário 1'!AA26 -> 250CV | D20: ='Respostas ao formulário 1'!AB26 -> 440 | E20: ='Respostas ao formulário 1'!AC26 -> 292 | F20: ='Respostas ao formulário 1'!AD26 -> 1790 | G20: ='Respostas ao formulário 1'!AE26 -> 1.25 | H20: ='Respostas ao formulário 1'!AF26 -> Driver 2
A22: Sensores
A23: Sucção | B23: Recalque | C23: Modelo Vazão
A24: ='Respostas ao formulário 1'!AU26 -> Zurich - 0 a 70 MCA | B24: ='Respostas ao formulário 1'!AV26 -> Zurich - 0 a 100 MCA | C24: ='Respostas ao formulário 1'!BA26 -> BLIT-EM

Sheet Barbosa Lage (Vazão)
B1: Dados dos Equipamentos Local: Barbosa Lage Tipo: Vazão
A5: Dados Telemetria
A6: Comunicação | B6: ='Respostas ao formulário 1'!E25 -> Rádio
A7: Redundância | B7: ='Respostas ao formulário 1'!F25 -> Sem Redundância
A8: Alimentação | B8: ='Respostas ao formulário 1'!J25 -> Weg
A9: DPS | B9: ='Respostas ao formulário 1'!G25 -> 0
A11: Dados da Estação
A12: Modelo Vazão | B12: ='Respostas ao formulário 1'!BA25 -> ML110

Sheet Bairu II
B1: Dados dos Equipamentos Local: Bairu II Tipo: Elevatória de Água
A5: Dados Telemetria
A6: Comunicação | B6: ='Respostas ao formulário 1'!E24 -> Modem ABS
A7: Redundância | B7: ='Respostas ao formulário 1'!F24 -> Fibra
A8: Marca da Fonte | B8: ='Respostas ao formulário 1'!J24 -> Weg
A9: DPS | B9: ='Respostas ao formulário 1'!G24 -> Clamper
A11: Dados Inversor
A12: Acionamento | B12: ='Respostas ao formulário 1'!L24 -> 440V | C12: Fusível | D12: ='Respostas ao formulário 1'!H24 -> NH2 630A 690V
A13: Driver 1 | B13: ='Respostas ao formulário 1'!M24 -> CFW110312T4SZ | C13: Driver 2 | D13: ='Respostas ao formulário 1'!O24 -> CFW110312T4SZ
A14: Serial | B14: ='Respostas ao formulário 1'!N24 -> 1068353167 | C14: Serial | D14: ='Respostas ao formulário 1'!P24 -> 1068893017
A16: Dados Motores
A17: Fabricante | B17: Carcaça | C17: Potência | D17: Tensão | E17: Corrente | F17: RPM | G17: FS | H17: Acionamento
C18: ='Respostas ao formulário 1'!U24 -> 175CV | D18: ='Respostas ao formulário 1'!V24 -> 440V | E18: ='Respostas ao formulário 1'!W24 -> 209A | F18: ='Respostas ao formulário 1'!X24 -> 1791 | G18: ='Respostas ao formulário 1'!Y24 -> 1.25 | H18: ='Respostas ao formulário 1'!Z24 -> Driver 1
A19: Fabricante | B19: Carcaça | C19: Potência | D19: Tensão | E19: Corrente | F19: RPM | G19: FS | H19: Acionamento
C20: ='Respostas ao formulário 1'!AA24 -> 175CV | D20: ='Respostas ao formulário 1'!AB24 -> 440V | E20: ='Respostas ao formulário 1'!AC24 -> 209A | F20: ='Respostas ao formulário 1'!AD24 -> 1791 | G20: ='Respostas ao formulário 1'!AE24 -> 1.25 | H20: ='Respostas ao formulário 1'!AF24 -> Driver 2
A22: Sensores
A23: Sucção | B23: Recalque | C23: Modelo Vazão
A24: ='Respostas ao formulário 1'!AU24 -> Zurich - 0 a 70 MCA | B24: ='Respostas ao formulário 1'!AV24 -> Pressgage - 0 a 70 MCA | C24: ='Respostas ao formulário 1'!BA24 -> MV110

Sheet Bairro de Lourdes
B1: Dados dos Equipamentos Local: Bairro de Lourdes Tipo: Reservatório
A5: Dados Telemetria
A6: Comunicação | B6: ='Respostas ao formulário 1'!E23 -> Modem ABS
A7: Redundância | B7: ='Respostas ao formulário 1'!F23 -> Sem Redundância
A8: Alimentação | B8: ='Respostas ao formulário 1'!B23 -> 127V
A9: DPS | B9: ='Respostas ao formulário 1'!G23 -> Lupa
A11: Dados do Reservatório
A12: Tipo de Sensor | B12: ='Respostas ao formulário 1'!BZ23 -> Ultrassônico Nivelco - 0 a 5 m
A13: Fusível | B13: ='Respostas ao formulário 1'!H23 -> 0
A15: Dimensões
A16: Altura Total (m)
A17: 3.6
A18: Altura do 0% (4mA) (m)
A19: 0
A20: Altura do 100% (20mA) (m)
A21: 3

Sheet Assuene Ribeiro
B1: Dados dos Equipamentos Local: Assuene Ribeiro Tipo: VRP
A5: Dados Telemetria
A6: Comunicação | B6: ='Respostas ao formulário 1'!E22 -> Modem ABS
A7: Redundância | B7: ='Respostas ao formulário 1'!F22 -> Sem Redundância
A8: Alimentação | B8: ='Respostas ao formulário 1'!J22 -> Conexel
A9: DPS | B9: ='Respostas ao formulário 1'!G22 -> Clamper
A11: Dados da VRP
A12: Sensor à Jusante | B12: ='Respostas ao formulário 1'!AU22 -> Zurick - 0 a 100 MCA
A13: Sensor à Montante | B13: ='Respostas ao formulário 1'!AV22 -> Zurick - 0 a 100 MCA
A14: Modelo Vazão 1 | B14: ='Respostas ao formulário 1'!BA22 -> MV110

Sheet Ase-Grama
B1: Dados dos Equipamentos Local: Ase-Grama Tipo: Elevatória de Água
A5: Dados Telemetria
A6: Comunicação | B6: ='Respostas ao formulário 1'!E21 -> Modem LUPA
A7: Redundância | B7: ='Respostas ao formulário 1'!F21 -> Fibra
A8: Marca da Fonte | B8: ='Respostas ao formulário 1'!J21 -> Weg
A9: DPS | B9: ='Respostas ao formulário 1'!G21 -> Lupa
A11: Dados Inversor
A12: Acionamento | B12: ='Respostas ao formulário 1'!L21 -> 440V | C12: Fusível | D12: ='Respostas ao formulário 1'!H21 -> NH1 400A 690V
A13: Driver 1 | B13: ='Respostas ao formulário 1'!M21 -> CFW110370T4SZ | C13: Driver 2 | D13: ='Respostas ao formulário 1'!O21 -> CFW110370T4SZ
A14: Serial | B14: ='Respostas ao formulário 1'!N21 -> 1069895964 | C14: Serial | D14: ='Respostas ao formulário 1'!P21 -> 1051050031
A16: Dados Motores
A17: Fabricante | B17: Carcaça | C17: Potência | D17: Tensão | E17: Corrente | F17: RPM | G17: FS | H17: Acionamento
C18: ='Respostas ao formulário 1'!U21 -> 250CV | D18: ='Respostas ao formulário 1'!V21 -> 440V | E18: ='Respostas ao formulário 1'!W21 -> 292A | F18: ='Respostas ao formulário 1'!X21 -> 1790 | G18: ='Respostas ao formulário 1'!Y21 -> 1.25 | H18: ='Respostas ao formulário 1'!Z21 -> Driver 1
A19: Fabricante | B19: Carcaça | C19: Potência | D19: Tensão | E19: Corrente | F19: RPM | G19: FS | H19: Acionamento
C20: ='Respostas ao formulário 1'!AA21 -> 250CV | D20: ='Respostas ao formulário 1'!AB21 -> 440V | E20: ='Respostas ao formulário 1'!AC21 -> 292A | F20: ='Respostas ao formulário 1'!AD21 -> 1790 | G20: ='Respostas ao formulário 1'!AE21 -> 1.25 | H20: ='Respostas ao formulário 1'!AF21 -> Driver 2
A22: Sensores
A23: Sucção | B23: Recalque | C23: Modelo Vazão
A24: ='Respostas ao formulário 1'!AU21 -> Zurich - 0 a 70 MCA | B24: ='Respostas ao formulário 1'!AV21 -> Conect - 0 a 200 MCA | C24: ='Respostas ao formulário 1'!BA21 -> MV110

Sheet Antônio de Castro
B1: Dados dos Equipamentos Local: Antônio de Castro Tipo: VRP
A5: Dados Telemetria
A6: Comunicação | B6: ='Respostas ao formulário 1'!E20 -> Modem ABS
A7: Redundância | B7: ='Respostas ao formulário 1'!F20 -> Sem Redundância
A8: Alimentação | B8: ='Respostas ao formulário 1'!J20 -> Weidmuller
A9: DPS | B9: ='Respostas ao formulário 1'!G20 -> Lupa
A11: Dados da VRP
A12: Sensor à Jusante | B12: ='Respostas ao formulário 1'!AU20 -> 0 - 200 MCA
A13: Sensor à Montante | B13: ='Respostas ao formulário 1'!AV20 -> 0 - 200 MCA
A14: Modelo Vazão 1 | B14: ='Respostas ao formulário 1'!BA20 -> MV110
A15: Modelo Vazão 2 | B15: ='Respostas ao formulário 1'!BJ20 -> MAG 5000

Sheet Amazonas (Reservatório)
B1: Dados dos Equipamentos Local: Amazonas Tipo: Reservatório
A5: Dados Telemetria
A6: Comunicação | B6: ='Respostas ao formulário 1'!E19 -> Modem ABS
A7: Redundância | B7: ='Respostas ao formulário 1'!F19 -> Sem Redundância
A8: Alimentação | B8: ='Respostas ao formulário 1'!B19 -> 127V
A9: DPS | B9: ='Respostas ao formulário 1'!G19 -> Clamper
A11: Dados do Reservatório
A12: Tipo de Sensor | B12: ='Respostas ao formulário 1'!BZ19 -> Hidroestático
A13: Fusível | B13: ='Respostas ao formulário 1'!H19 -> 0
A15: Dimensões
A16: Altura Total (m)
A18: Altura do 0% (4mA) (m)
A19: 0
A20: Altura do 100% (20mA) (m)

Sheet Amazonas
B1: Dados dos Equipamentos Local: Amazonas Tipo: Elevatória de Água
A5: Dados Telemetria
A6: Comunicação | B6: ='Respostas ao formulário 1'!E18 -> Modem LUPA
A7: Redundância | B7: ='Respostas ao formulário 1'!F18 -> Sem Redundância
A8: Marca da Fonte | B8: ='Respostas ao formulário 1'!J18 -> LR Informática
A9: DPS | B9: ='Respostas ao formulário 1'!G18 -> Lupa
A11: Dados Inversor
A12: Acionamento | B12: ='Respostas ao formulário 1'!L18 -> 220V
A13: Fusível | B13: ='Respostas ao formulário 1'!H18 -> NH00 80A 690V
A14: Driver 1 | B14: ='Respostas ao formulário 1'!M18 -> CFW110054T2OFAZ
A15: Serial | B15: ='Respostas ao formulário 1'!N18 -> 1039442998
A17: Dados Motores
A18: Fabricante | B18: Carcaça | C18: Potência | D18: Tensão | E18: Corrente | F18: RPM | G18: FS | H18: Acionamento
A19: Weg | B19: 132M | C19: ='Respostas ao formulário 1'!U18 -> 12.5CV | D19: ='Respostas ao formulário 1'!V18 -> 220V | E19: ='Respostas ao formulário 1'!W18 -> 29.8A | F19: ='Respostas ao formulário 1'!X18 -> 3530 | G19: ='Respostas ao formulário 1'!Y18 -> 1.25 | H19: ='Respostas ao formulário 1'!Z18 -> Driver 1
A20: Fabricante | B20: Carcaça | C20: Potência | D20: Tensão | E20: Corrente | F20: RPM | G20: FS | H20: Acionamento
A21: Weg | B21: 132M | C21: ='Respostas ao formulário 1'!AA18 -> 12.5CV | D21: ='Respostas ao formulário 1'!AB18 -> 220V | E21: ='Respostas ao formulário 1'!AC18 -> 29.8A | F21: ='Respostas ao formulário 1'!AD18 -> 3530 | G21: ='Respostas ao formulário 1'!AE18 -> 1.25 | H21: ='Respostas ao formulário 1'!AF18 -> Driver 1
A23: Sensores
A24: Sucção | B24: Recalque | C24: Modelo Vazão
A25: ='Respostas ao formulário 1'!AU18 -> Zurich - 0 a 70 MCA | B25: ='Respostas ao formulário 1'!AV18 -> Zurich - 0 a 100 MCA | C25: ='Respostas ao formulário 1'!BA18 -> MV110

Sheet Alvim (Elevatória)
B1: Dados dos Equipamentos Local: Alvim Tipo: Elevatória de Água
A5: Dados Telemetria
A6: Comunicação | B6: ='Respostas ao formulário 1'!E17 -> Modem ABS
A7: Redundância | B7: ='Respostas ao formulário 1'!F17 -> Sem Redundância
A8: Marca da Fonte | B8: ='Respostas ao formulário 1'!J17 -> Conexel
A9: DPS | B9: ='Respostas ao formulário 1'!G17 -> Clamper
A11: Dados Inversor
A12: Acionamento | B12: ='Respostas ao formulário 1'!L17 -> 220V
A13: Fusível | B13: ='Respostas ao formulário 1'!H17 -> NH00 63A 690V
A14: Driver 1 | B14: ='Respostas ao formulário 1'!M17 -> CFW110024T2OFAZ
A15: Serial | B15: ='Respostas ao formulário 1'!N17 -> 1067450220
A17: Dados Motores
A18: Fabricante | B18: Carcaça | C18: Potência | D18: Tensão | E18: Corrente | F18: RPM | G18: FS | H18: Acionamento
C19: ='Respostas ao formulário 1'!U17 -> 7.5 CV | D19: ='Respostas ao formulário 1'!V17 -> 220V | E19: ='Respostas ao formulário 1'!W17 -> 19.4A | F19: ='Respostas ao formulário 1'!X17 -> 3515 | G19: ='Respostas ao formulário 1'!Y17 -> 1.25 | H19: ='Respostas ao formulário 1'!Z17 -> Driver 1
A20: Fabricante | B20: Carcaça | C20: Potência | D20: Tensão | E20: Corrente | F20: RPM | G20: FS | H20: Acionamento
C21: ='Respostas ao formulário 1'!AA17 -> 7.5CV | D21: ='Respostas ao formulário 1'!AB17 -> 220V | E21: ='Respostas ao formulário 1'!AC17 -> 19.4A | F21: ='Respostas ao formulário 1'!AD17 -> 3515 | G21: ='Respostas ao formulário 1'!AE17 -> 1.25 | H21: ='Respostas ao formulário 1'!AF17 -> Driver 1
A23: Sensores
A24: Sucção | B24: Recalque | C24: Modelo Vazão
A25: ='Respostas ao formulário 1'!AU17 -> Sem sucção | B25: ='Respostas ao formulário 1'!AV17 -> Zurich - 0 a 200 MCA | C25: ='Respostas ao formulário 1'!BA17 -> 0

Sheet Alto Santo  AntônioRetiro
B1: Dados dos Equipamentos Local: Alto Santo Antônio Tipo: Elevatória de Água
A5: Dados Telemetria
A6: Comunicação | B6: ='Respostas ao formulário 1'!E16 -> 0
A7: Redundância | B7: ='Respostas ao formulário 1'!F16 -> 0
A8: Marca da Fonte | B8: ='Respostas ao formulário 1'!J16 -> 0
A9: DPS | B9: ='Respostas ao formulário 1'!G16 -> 0
A11: Dados Inversor
A12: Acionamento | B12: ='Respostas ao formulário 1'!L16 -> 220V | C12: Fusível | D12: ='Respostas ao formulário 1'!H16 -> NH1 200A 500V
A13: Driver 1 | B13: ='Respostas ao formulário 1'!M16 -> Soft Ssw 03 | C13: Driver 2 | D13: ='Respostas ao formulário 1'!O16 -> CFW110105T2OFAZ
A14: Serial | B14: ='Respostas ao formulário 1'!N15 -> 0 | C14: Serial | D14: ='Respostas ao formulário 1'!P16 -> 1035540477
A16: Dados Motores
A17: Fabricante | B17: Carcaça | C17: Potência | D17: Tensão | E17: Corrente | F17: RPM | G17: FS | H17: Acionamento
C18: ='Respostas ao formulário 1'!U16 -> 40CV | D18: ='Respostas ao formulário 1'!V16 -> 220V | E18: ='Respostas ao formulário 1'!W16 -> 99A | F18: ='Respostas ao formulário 1'!X16 -> 3560 | G18: ='Respostas ao formulário 1'!Y16 -> 1.25 | H18: ='Respostas ao formulário 1'!Z16 -> Driver 1
A19: Fabricante | B19: Carcaça | C19: Potência | D19: Tensão | E19: Corrente | F19: RPM | G19: FS | H19: Acionamento
C20: ='Respostas ao formulário 1'!AA16 -> 40CV | D20: ='Respostas ao formulário 1'!AB16 -> 220V | E20: ='Respostas ao formulário 1'!AC16 -> 99A | F20: ='Respostas ao formulário 1'!AD16 -> 3560 | G20: ='Respostas ao formulário 1'!AE16 -> 1.25 | H20: ='Respostas ao formulário 1'!AF16 -> Driver 2
A22: Sensores
A23: Sucção | B23: Recalque | C23: Modelo Vazão
A24: ='Respostas ao formulário 1'!AU16 -> 0 | B24: ='Respostas ao formulário 1'!AV16 -> Zurich - 0 a 200 MCA | C24: ='Respostas ao formulário 1'!BA16 -> MV110

Sheet Alto Santo Antonio (Reservatóri
B1: Dados dos Equipamentos Local: Alto Santo Antônio Tipo: Reservatório com Elevatória
A5: Dados Telemetria
A6: Comunicação | B6: ='Respostas ao formulário 1'!E15 -> Modem ABS
A7: Redundância | B7: ='Respostas ao formulário 1'!F15 -> Sem Redundância
A8: Marca da Fonte | B8: ='Respostas ao formulário 1'!J15 -> Weidmuller
A9: DPS | B9: ='Respostas ao formulário 1'!G15 -> Lupa
A11: Dados Inversor
A12: Acionamento | B12: ='Respostas ao formulário 1'!L16 -> 220V | C12: Fusível | D12: ='Respostas ao formulário 1'!H16 -> NH1 200A 500V
A13: Driver 1 | B13: ='Respostas ao formulário 1'!M16 -> Soft Ssw 03 | C13: Driver 2 | D13: ='Respostas ao formulário 1'!O16 -> CFW110105T2OFAZ
A14: Serial | B14: ='Respostas ao formulário 1'!N16 -> 0 | C14: Serial | D14: ='Respostas ao formulário 1'!P16 -> 1035540477
A16: Dados Motores
A17: Fabricante | B17: Carcaça | C17: Potência | D17: Tensão | E17: Corrente | F17: RPM | G17: FS | H17: Acionamento
C18: ='Respostas ao formulário 1'!U15 -> 3CV | D18: ='Respostas ao formulário 1'!V15 -> 220V | E18: ='Respostas ao formulário 1'!W15 -> 8.42A | F18: ='Respostas ao formulário 1'!X15 -> 3465 | G18: ='Respostas ao formulário 1'!Y15 -> 1.15 | H18: ='Respostas ao formulário 1'!Z15 -> Driver 1
A19: Fabricante | B19: Carcaça | C19: Potência | D19: Tensão | E19: Corrente | F19: RPM | G19: FS | H19: Acionamento
C20: ='Respostas ao formulário 1'!AA15 -> 3CV | D20: ='Respostas ao formulário 1'!AB15 -> 220V | E20: ='Respostas ao formulário 1'!AC15 -> 8.42A | F20: ='Respostas ao formulário 1'!AD15 -> 3465 | G20: ='Respostas ao formulário 1'!AE15 -> 1.15 | H20: ='Respostas ao formulário 1'!AF15 -> Driver 1
A22: Sensores
A23: Sucção | B23: Recalque | C23: Modelo Vazão
A24: ='Respostas ao formulário 1'!AU15 -> SMAR - Janela | B24: ='Respostas ao formulário 1'!AV15 -> 0 | C24: ='Respostas ao formulário 1'!BA15 -> 0
A26: Dados do Reservatório
A27: Tipo de Sensor | B27: ='Respostas ao formulário 1'!BZ15 -> Pressão
A29: Dimensões
A30: Altura Total (m)
A31: 3.87
A32: Altura do 0% (4mA) (m)
A33: 0
A34: Altura do 100% (20mA) (m)
A35: 3.17

Sheet Alto dos Pinheiros (Elevatória)
B1: Dados dos Equipamentos Local: Alto dos Pinheiros Tipo: Elevatória de Água
A5: Dados Telemetria
A6: Comunicação | B6: ='Respostas ao formulário 1'!E14 -> 0
A7: Redundância | B7: ='Respostas ao formulário 1'!F14 -> Sem Redundância
A8: Marca da Fonte | B8: ='Respostas ao formulário 1'!J14 -> 0
A9: DPS | B9: ='Respostas ao formulário 1'!G14 -> 0
A11: Dados Inversor
A12: Acionamento | B12: ='Respostas ao formulário 1'!L14 -> 220V
A13: Fusível | B13: ='Respostas ao formulário 1'!H14 -> NH00 400A 690V
A14: Driver 1 | B14: ='Respostas ao formulário 1'!M14 -> CFW110180T2SZ
A15: Serial | B15: ='Respostas ao formulário 1'!N14 -> 1050963401
A17: Dados Motores
A18: Fabricante | B18: Carcaça | C18: Potência | D18: Tensão | E18: Corrente | F18: RPM | G18: FS | H18: Acionamento
A19: Weg | B19: 225 SIM | C19: ='Respostas ao formulário 1'!U14 -> 75CV | D19: ='Respostas ao formulário 1'!V14 -> 220V | E19: ='Respostas ao formulário 1'!W14 -> 171A | F19: ='Respostas ao formulário 1'!X14 -> 3560 | G19: ='Respostas ao formulário 1'!Y14 -> 1.15 | H19: ='Respostas ao formulário 1'!Z14 -> Driver 1
A21: Sensores
A22: Sucção | B22: Recalque | C22: Modelo Vazão
A23: ='Respostas ao formulário 1'!AU14 -> 0 | B23: ='Respostas ao formulário 1'!AV14 -> 0 | C23: ='Respostas ao formulário 1'!BA14 -> 0

Sheet Alto Bairu
B1: Dados dos Equipamentos Local: Alto Bairu Tipo: Reservatório com Elevatória
A5: Dados Telemetria
A6: Comunicação | B6: ='Respostas ao formulário 1'!E13 -> Modem ABS
A7: Redundância | B7: ='Respostas ao formulário 1'!F13 -> Fibra
A8: Marca da Fonte | B8: ='Respostas ao formulário 1'!J13 -> Weg
A9: DPS | B9: ='Respostas ao formulário 1'!G13 -> Lupa
A11: Dados Inversor
A12: Acionamento | B12: ='Respostas ao formulário 1'!L13 -> 200V
A13: Fusível
A14: Driver 1 | B14: ='Respostas ao formulário 1'!M13 -> Partida Direta
A15: Serial | B15: ='Respostas ao formulário 1'!N13 -> 0
A17: Dados Motores
A18: Fabricante | B18: Carcaça | C18: Potência | D18: Tensão | E18: Corrente | F18: RPM | G18: FS | H18: Acionamento
C19: ='Respostas ao formulário 1'!U13 -> 3CV | D19: ='Respostas ao formulário 1'!V13 -> 220V | E19: ='Respostas ao formulário 1'!W13 -> 7.5A | F19: ='Respostas ao formulário 1'!X13 -> 3450 | G19: ='Respostas ao formulário 1'!Y13 -> 1.15 | H19: ='Respostas ao formulário 1'!Z13 -> Driver 1
A20: Fabricante | B20: Carcaça | C20: Potência | D20: Tensão | E20: Corrente | F20: RPM | G20: FS | H20: Acionamento
C21: ='Respostas ao formulário 1'!AA13 -> 3CV | D21: ='Respostas ao formulário 1'!AB13 -> 220V | E21: ='Respostas ao formulário 1'!AC13 -> 7.5A | F21: ='Respostas ao formulário 1'!AD13 -> 3450 | G21: ='Respostas ao formulário 1'!AE13 -> 1.15 | H21: ='Respostas ao formulário 1'!AF13 -> Driver 1
A23: Sensores
A24: Sucção | B24: Recalque | C24: Modelo Vazão 1 | D24: Modelo Vazão 2
A25: ='Respostas ao formulário 1'!AU13 -> Zurich - 0 a 70 MCA | B25: ='Respostas ao formulário 1'!AV13 -> Conect - 0 a 100 MCA | C25: ='Respostas ao formulário 1'!BA13 -> BLIT-EM | D25: ='Respostas ao formulário 1'!BJ13 -> BLIT-EM
A27: Dados do Reservatório
A28: Tipo de Sensor | B28: ='Respostas ao formulário 1'!BZ13 -> Pressão
A30: Dimensões
A31: Altura Total (m)
A32: 4
A33: Altura do 0% (4mA) (m)
A34: 0
A35: Altura do 100% (20mA) (m)
A36: 3

Sheet Alphaville Principal
B1: Dados dos Equipamentos Local: Alphaville Principal Tipo: Elevatória de Água
A5: Dados Telemetria
A6: Comunicação | B6: ='Respostas ao formulário 1'!E12 -> Modem ABS
A7: Redundância | B7: ='Respostas ao formulário 1'!F12 -> Sem Redundância
A8: Marca da Fonte | B8: ='Respostas ao formulário 1'!J12 -> Altus
A9: DPS | B9: ='Respostas ao formulário 1'!G12 -> Lupa
A11: Dados Inversor
A12: Acionamento | B12: ='Respostas ao formulário 1'!L12 -> 220V | C12: Fusível | D12: ='Respostas ao formulário 1'!H12 -> NH00 125A 500V
A13: Driver 1 | B13: ='Respostas ao formulário 1'!M12 -> Altus | C13: Driver 2 | D13: ='Respostas ao formulário 1'!O12 -> Altus
A14: Serial | B14: ='Respostas ao formulário 1'!N12 -> V00000282542 | C14: Serial | D14: ='Respostas ao formulário 1'!P12 -> V00000284634
A16: Dados Motores
A17: Fabricante | B17: Carcaça | C17: Potência | D17: Tensão | E17: Corrente | F17: RPM | G17: FS | H17: Acionamento
C18: ='Respostas ao formulário 1'!U12 -> 30CV | D18: ='Respostas ao formulário 1'!V12 -> 220V | E18: ='Respostas ao formulário 1'!W12 -> 72.2A | F18: ='Respostas ao formulário 1'!X12 -> 3535 | G18: ='Respostas ao formulário 1'!Y12 -> 1.15 | H18: ='Respostas ao formulário 1'!Z12 -> Driver 1
A19: Fabricante | B19: Carcaça | C19: Potência | D19: Tensão | E19: Corrente | F19: RPM | G19: FS | H19: Acionamento
C20: ='Respostas ao formulário 1'!AA12 -> 30CV | D20: ='Respostas ao formulário 1'!AB12 -> 220V | E20: ='Respostas ao formulário 1'!AC12 -> 72.2A | F20: ='Respostas ao formulário 1'!AD12 -> 3535 | G20: ='Respostas ao formulário 1'!AE12 -> 1.15 | H20: ='Respostas ao formulário 1'!AF12 -> Driver 1
A22: Sensores
A23: Sucção | B23: Recalque | C23: Modelo Vazão
A24: ='Respostas ao formulário 1'!AU12 -> Simens Janela | B24: ='Respostas ao formulário 1'!AV12 -> Simens Janela | C24: ='Respostas ao formulário 1'!BA12 -> MAG 5000

Sheet EE Alphaville 3
B1: Dados dos Equipamentos Local: EE Alphaville 3 Tipo: Elevatória de Esgoto
A5: Dados Telemetria
A6: Comunicação | B6: ='Respostas ao formulário 1'!E11 -> Modem ABS
A7: Redundância | B7: ='Respostas ao formulário 1'!F11 -> Sem Redundância
A8: Marca da Fonte | B8: ='Respostas ao formulário 1'!J11 -> Altus
A9: DPS | B9: ='Respostas ao formulário 1'!G11 -> Lupa
A11: Dados Inversor
A12: Acionamento | B12: ='Respostas ao formulário 1'!L11 -> 220V | C12: Fusível | D12: ='Respostas ao formulário 1'!H11 -> NH00 50A 500V
A13: Driver 1 | B13: ='Respostas ao formulário 1'!M11 -> Vacon | C13: Driver 2 | D13: ='Respostas ao formulário 1'!O11 -> CFW110024T2OFAZ
A14: Serial | B14: ='Respostas ao formulário 1'!N11 -> V00000281615 | C14: Serial | D14: ='Respostas ao formulário 1'!P11 -> 1032950773
A17: Dados do Reservatório
A18: Tipo de Sensor | B18: ='Respostas ao formulário 1'!BZ11 -> Ultrassônico Nivelco - 0 a 5 m

Sheet EE Alphaville 2
B1: Dados dos Equipamentos Local: EE Alphaville 2 Tipo: Elevatória de Esgoto
A5: Dados Telemetria
A6: Comunicação | B6: ='Respostas ao formulário 1'!E10 -> Modem ABS
A7: Redundância | B7: ='Respostas ao formulário 1'!F10 -> Sem Redundância
A8: Marca da Fonte | B8: ='Respostas ao formulário 1'!J10 -> Altus
A9: DPS | B9: ='Respostas ao formulário 1'!G10 -> Lupa
A11: Dados Inversor
A12: Acionamento | B12: ='Respostas ao formulário 1'!L10 -> 220V | C12: Fusível | D12: ='Respostas ao formulário 1'!H10 -> NH00 160A 500V / NH00 125A 690V
A13: Driver 1 | B13: ='Respostas ao formulário 1'!M10 -> Vacon | C13: Driver 2 | D13: ='Respostas ao formulário 1'!O10 -> Vacon
A14: Serial | B14: ='Respostas ao formulário 1'!N10 -> V00000284641 | C14: Serial | D14: ='Respostas ao formulário 1'!P10 -> V00000284641
A16: Dados Motores
A17: Potência | B17: Tensão | C17: Corrente | D17: RPM | E17: FS | F17: Acionamento
A18: ='Respostas ao formulário 1'!U10 -> 22kW | B18: ='Respostas ao formulário 1'!V10 -> 220V | C18: ='Respostas ao formulário 1'!W10 -> 73A | D18: ='Respostas ao formulário 1'!X10 -> 1465 | E18: ='Respostas ao formulário 1'!Y10 -> 0 | F18: ='Respostas ao formulário 1'!Z10 -> Driver 1
A19: Potência | B19: Tensão | C19: Corrente | D19: RPM | E19: FS | F19: Acionamento
A20: ='Respostas ao formulário 1'!AA10 -> 22kW | B20: ='Respostas ao formulário 1'!AB10 -> 220V | C20: ='Respostas ao formulário 1'!AC10 -> 73A | D20: ='Respostas ao formulário 1'!AD10 -> 1465 | E20: ='Respostas ao formulário 1'!AE10 -> 0 | F20: ='Respostas ao formulário 1'!AF10 -> Driver 2
A22: Sensores
A23: Sucção | B23: Recalque | C23: Modelo Vazão
A24: ='Respostas ao formulário 1'!AU10 -> 0 | B24: ='Respostas ao formulário 1'!AV10 -> 0 | C24: ='Respostas ao formulário 1'!BA10 -> 0
A26: Dados do Reservatório
A27: Tipo de Sensor | B27: ='Respostas ao formulário 1'!BZ10 -> Ultrassônico Nivelco - 0 a 5 m

Sheet EE Alphaville 1
B1: Dados dos Equipamentos Local: EE Alphaville 1 Tipo: Elevatória de Esgoto
A5: Dados Telemetria
A6: Comunicação | B6: ='Respostas ao formulário 1'!E9 -> Modem ABS
A7: Redundância | B7: ='Respostas ao formulário 1'!F9 -> Sem Redundância
A8: Marca da Fonte | B8: ='Respostas ao formulário 1'!J9 -> Altus AL 1535
A9: DPS | B9: ='Respostas ao formulário 1'!G9 -> Lupa
A11: Dados Inversor
A12: Acionamento | B12: ='Respostas ao formulário 1'!L9 -> 220V | C12: Fusível | D12: ='Respostas ao formulário 1'!H9 -> NH00 63A 500V/ NH00 50A 690V
A13: Driver 1 | B13: ='Respostas ao formulário 1'!M9 -> CFW110033T2OFAZ | C13: Driver 2 | D13: ='Respostas ao formulário 1'!O9 -> Vacon
A14: Serial | B14: ='Respostas ao formulário 1'!N9 -> 1067477787 | C14: Serial | D14: ='Respostas ao formulário 1'!P9 -> V00000298526
A16: Dados Motores
A17: Potência | B17: Tensão | C17: Corrente | D17: RPM | E17: FS | F17: Acionamento
A18: ='Respostas ao formulário 1'!U9 -> 7,5CV | B18: ='Respostas ao formulário 1'!V9 -> 230V | C18: ='Respostas ao formulário 1'!W9 -> 19A | D18: ='Respostas ao formulário 1'!X9 -> 1770 | E18: ='Respostas ao formulário 1'!Y9 -> 0 | F18: ='Respostas ao formulário 1'!Z9 -> Driver 1
A19: Potência | B19: Tensão | C19: Corrente | D19: RPM | E19: FS | F19: Acionamento
A20: ='Respostas ao formulário 1'!AA9 -> 7,5CV | B20: ='Respostas ao formulário 1'!AB9 -> 230V | C20: ='Respostas ao formulário 1'!AC9 -> 19A | D20: ='Respostas ao formulário 1'!AD9 -> 1770 | E20: ='Respostas ao formulário 1'!AE9 -> 0 | F20: ='Respostas ao formulário 1'!AF9 -> Driver 2
A22: Sensores
A23: Sucção | B23: Recalque | C23: Modelo Vazão
A24: ='Respostas ao formulário 1'!AU9 -> 0 | B24: ='Respostas ao formulário 1'!AV9 -> 0 | C24: ='Respostas ao formulário 1'!BA9 -> M100
A26: Dados do Reservatório
A27: Tipo de Sensor | B27: ='Respostas ao formulário 1'!BZ9 -> Ultrassônico Nivelco - 0 a 5 m

Sheet Alphaville Elevado
B1: Dados dos Equipamentos Local: Alphaville Elevado Tipo: Reservatório com Elevatória
A5: Dados Telemetria
A6: Comunicação | B6: ='Respostas ao formulário 1'!E8 -> Modem ABS
A7: Redundância | B7: ='Respostas ao formulário 1'!F8 -> Sem Redundância
A8: Marca da Fonte | B8: ='Respostas ao formulário 1'!J8 -> Altus
A9: DPS | B9: ='Respostas ao formulário 1'!G8 -> Lupa
A11: Dados Inversor
A12: Acionamento | B12: ='Respostas ao formulário 1'!L8 -> 220V | C12: Fusível | D12: ='Respostas ao formulário 1'!H8 -> NH00 50A 500V
A13: Driver 1 | B13: ='Respostas ao formulário 1'!M8 -> Altus | C13: Driver 2 | D13: ='Respostas ao formulário 1'!O8 -> Altus
A14: Serial | B14: ='Respostas ao formulário 1'!N8 -> V00000298525 | C14: Serial | D14: ='Respostas ao formulário 1'!P8 -> V00000834803
A16: Dados Motores
A17: Fabricante | B17: Carcaça | C17: Potência | D17: Tensão | E17: Corrente | F17: RPM | G17: FS | H17: Acionamento
C18: ='Respostas ao formulário 1'!U8 -> 4CV | D18: ='Respostas ao formulário 1'!V8 -> 220V | E18: ='Respostas ao formulário 1'!W8 -> 10.9A | F18: ='Respostas ao formulário 1'!X8 -> 3475 | G18: ='Respostas ao formulário 1'!Y8 -> 1.25 | H18: ='Respostas ao formulário 1'!Z8 -> Driver 1
A19: Fabricante | B19: Carcaça | C19: Potência | D19: Tensão | E19: Corrente | F19: RPM | G19: FS | H19: Acionamento
C20: ='Respostas ao formulário 1'!AA8 -> 4CV | D20: ='Respostas ao formulário 1'!AB8 -> 220V | E20: ='Respostas ao formulário 1'!AC8 -> 10.9A | F20: ='Respostas ao formulário 1'!AD8 -> 3475 | G20: ='Respostas ao formulário 1'!AE8 -> 1.25 | H20: ='Respostas ao formulário 1'!AF8 -> Driver 2
A22: Sensores
A23: Sucção | B23: Recalque | C23: Modelo Vazão
A24: ='Respostas ao formulário 1'!AU8 -> 0 | B24: ='Respostas ao formulário 1'!AV8 -> Simens - Janela | C24: ='Respostas ao formulário 1'!BA8 -> 0
A26: Dados do Reservatório
A27: Tipo de Sensor | B27: ='Respostas ao formulário 1'!BZ8 -> Ultrassônico Nivelco - 0 a 5 m
A29: Dimensões
A30: Altura Total (m)
A31: 5
A32: Altura do 0% (4mA) (m)
A33: 0
A34: Altura do 100% (20mA) (m)
A35: 4

Sheet Alphaville 5 (Esgoto)
B1: Dados dos Equipamentos Local: Alphaville 5 Tipo: ETE - Estação de Tratamento de Esgoto
A5: Dados Telemetria
A6: Comunicação | B6: ='Respostas ao formulário 1'!E7 -> 0
A7: Redundância | B7: ='Respostas ao formulário 1'!F7 -> Sem Redundância
A8: Marca da Fonte | B8: ='Respostas ao formulário 1'!J7 -> Altus
A9: DPS | B9: ='Respostas ao formulário 1'!G7 -> Clamper
A11: Dados Inversor
A12: Acionamento | B12: ='Respostas ao formulário 1'!L7 -> 220V | C12: Fusível | D12: ='Respostas ao formulário 1'!H7 -> NH00 50A 500V/ 40A 690V
A13: Driver 1 | B13: ='Respostas ao formulário 1'!M7 -> Altus | C13: Driver 2 | D13: ='Respostas ao formulário 1'!O7 -> Altus
A14: Serial | B14: ='Respostas ao formulário 1'!N7 -> V00000282903 | C14: Serial | D14: ='Respostas ao formulário 1'!P7 -> V00000281616
A16: Sensores
A17: Sucção | B17: Recalque | C17: Modelo Vazão 1
A18: ='Respostas ao formulário 1'!AU7 -> 0 | B18: ='Respostas ao formulário 1'!AV7 -> 0 | C18: ='Respostas ao formulário 1'!BA7 -> M100
A20: Dados do Reservatório
A21: Tipo de Sensor | B21: ='Respostas ao formulário 1'!BZ7 -> Ultrassônico Nivelco - 0 a 5 m

Sheet Alphaville 4B
B1: Dados dos Equipamentos Local: Alphaville 4B Tipo: ETE - Estação de Tratamento de Esgoto
A5: Dados Telemetria
A6: Comunicação | B6: ='Respostas ao formulário 1'!E6 -> 0
A7: Redundância | B7: ='Respostas ao formulário 1'!F6 -> 0
A8: Marca da Fonte | B8: ='Respostas ao formulário 1'!J6 -> Altus
A9: DPS | B9: ='Respostas ao formulário 1'!G6 -> Clamper
A11: Dados Inversor
A12: Acionamento | B12: ='Respostas ao formulário 1'!L6 -> 220V | C12: Fusível | D12: ='Respostas ao formulário 1'!H6 -> NH000 50A 500V/ NH00 25A 690V
A13: Driver 1 | B13: ='Respostas ao formulário 1'!M6 -> Vacon | C13: Driver 2 | D13: ='Respostas ao formulário 1'!O6 -> Vacon
A14: Serial | B14: ='Respostas ao formulário 1'!N6 -> V0000029518 | C14: Serial | D14: ='Respostas ao formulário 1'!P6 -> V00000282884
A16: Sensores
A17: Sucção | B17: Recalque | C17: Modelo Vazão 1
A18: ='Respostas ao formulário 1'!AU6 -> 0 | B18: ='Respostas ao formulário 1'!AV6 -> 0 | C18: ='Respostas ao formulário 1'!BA6 -> M100
A20: Dados do Reservatório
A21: Tipo de Sensor | B21: ='Respostas ao formulário 1'!BZ6 -> Ultrassônico Nivelco - 0 a 5 m

Sheet Alphaville (ETE) (Tanque A)
B1: Dados dos Equipamentos Local: ETE Alphaville Tipo: ETE - Estação de Tratamento de Esgoto
A5: Dados Telemetria
A6: Comunicação | B6: ='Respostas ao formulário 1'!E5 -> Modem ABS
A7: Redundância | B7: ='Respostas ao formulário 1'!F5 -> Sem Redundância
A8: Marca da Fonte | B8: ='Respostas ao formulário 1'!J5 -> 0
A9: DPS | B9: ='Respostas ao formulário 1'!G5 -> Clamper
A11: Dados Inversor
A12: Acionamento | B12: ='Respostas ao formulário 1'!L5 -> 220V | C12: Fusível | D12: ='Respostas ao formulário 1'!H5 -> NH 50A 500V/ 25A 690V
A13: Driver 1 | B13: ='Respostas ao formulário 1'!M5 -> CFW110016T2SZ | C13: Driver 2 | D13: ='Respostas ao formulário 1'!O5 -> Vacon
A14: Serial | B14: ='Respostas ao formulário 1'!N6 -> V0000029518 | C14: Serial | D14: ='Respostas ao formulário 1'!P5 -> V00000281594
A17: Sensores
A18: Sucção | B18: Recalque | C18: Modelo Vazão 1
A19: ='Respostas ao formulário 1'!AU5 -> 0 | B19: ='Respostas ao formulário 1'!AV5 -> 0 | C19: ='Respostas ao formulário 1'!BA5 -> M100
A21: Dados do Reservatório
A22: Tipo de Sensor | B22: ='Respostas ao formulário 1'!BZ5 -> Ultrassônico Nivelco - 0 a 5 m

Sheet Alfineiros
B1: Dados dos Equipamentos Local: Alfineiros Tipo: Booster
A5: Dados Telemetria
A6: Comunicação | B6: ='Respostas ao formulário 1'!E4 -> Modem ABS
A7: Redundância | B7: ='Respostas ao formulário 1'!F4 -> Sem Redundância
A8: Marca da Fonte | B8: ='Respostas ao formulário 1'!J4 -> Weidmuller
A9: DPS | B9: ='Respostas ao formulário 1'!G4 -> Lupa
A11: Dados Inversor
A12: Acionamento | B12: ='Respostas ao formulário 1'!L4 -> 220V
A13: Fusível | B13: ='Respostas ao formulário 1'!H4 -> NH1 80A 690V
A14: Driver 1 | B14: ='Respostas ao formulário 1'!M4 -> CFW110086T2OFAZ
A15: Serial | B15: ='Respostas ao formulário 1'!N4 -> 1032791007
A17: Dados Motores
A18: Fabricante | B18: Carcaça | C18: Potência | D18: Tensão | E18: Corrente | F18: RPM | G18: FS | H18: Acionamento
C19: ='Respostas ao formulário 1'!U4 -> 15CV | D19: ='Respostas ao formulário 1'!V4 -> 220V | E19: ='Respostas ao formulário 1'!W4 -> 37.6A | F19: ='Respostas ao formulário 1'!X4 -> 1760 | G19: ='Respostas ao formulário 1'!Y4 -> 1.25 | H19: ='Respostas ao formulário 1'!Z4 -> Driver 1
A20: Fabricante | B20: Carcaça | C20: Potência | D20: Tensão | E20: Corrente | F20: RPM | G20: FS | H20: Acionamento
C21: ='Respostas ao formulário 1'!AA4 -> 15CV | D21: ='Respostas ao formulário 1'!AB4 -> 220V | E21: ='Respostas ao formulário 1'!AC4 -> 37.6A | F21: ='Respostas ao formulário 1'!AD4 -> 1760 | G21: ='Respostas ao formulário 1'!AE4 -> 1.25 | H21: ='Respostas ao formulário 1'!AF4 -> Driver 1
A23: Sensores
A24: Sucção | B24: Recalque | C24: Modelo Vazão
A25: ='Respostas ao formulário 1'!AU4 -> Zurich - 0 a 70 MCA | B25: ='Respostas ao formulário 1'!AV4 -> Zurich - 0 a 200 MCA | C25: ='Respostas ao formulário 1'!BA4 -> MV110

Sheet Alegria do Boi
B1: Dados dos Equipamentos Local: Alegria do Boi Tipo: VRP
A5: Dados Telemetria
A6: Comunicação | B6: ='Respostas ao formulário 1'!E3 -> Modem ABS
A7: Redundância | B7: ='Respostas ao formulário 1'!F3 -> Sem Redundância
A8: Alimentação | B8: ='Respostas ao formulário 1'!J3 -> Conexel
A9: DPS | B9: ='Respostas ao formulário 1'!G3 -> 0
A11: Dados da VRP
A12: Sensor à Jusante | B12: ='Respostas ao formulário 1'!AU3 -> 0 a 200 MCA
A13: Sensor à Montante | B13: ='Respostas ao formulário 1'!AV3 -> 0 a 200 MCA
A14: Modelo Vazão 1 | B14: ='Respostas ao formulário 1'!BA3 -> MV110

Sheet Aeroporto (Reservatório)
B1: Dados dos Equipamentos Local: Aeroporto Tipo: Reservatório
A5: Dados Telemetria
A6: Comunicação | B6: ='Respostas ao formulário 1'!E2 -> Modem ABS
A7: Redundância | B7: ='Respostas ao formulário 1'!F2 -> Sem Redundância
A8: Alimentação | B8: ='Respostas ao formulário 1'!B2 -> Energia Solar
A9: DPS | B9: ='Respostas ao formulário 1'!G2 -> 0
A11: Dados do Reservatório
A12: Tipo de Sensor | B12: ='Respostas ao formulário 1'!BZ2 -> Nivelco Configurável
A13: Fusível | B13: ='Respostas ao formulário 1'!H2 -> Simens 10A 500V
A15: Dimensões
A16: Altura Total (m)
A17: 9
A18: Altura do 0% (4mA) (m)
A19: 0
A20: Altura do 100% (20mA) (m)
A21: 8.4

Sheet ETA CDI Bombas
B1: Dados dos Equipamentos Local: ETA CDI Tipo: ETA - Estação de Tratamento de Água
A5: Dados Telemetria
A6: Comunicação | B6: ='Respostas ao formulário 1'!E81 -> Modem LUPA
A7: Redundância | B7: ='Respostas ao formulário 1'!F81 -> Sem Redundância
A8: Marca da Fonte | B8: ='Respostas ao formulário 1'!J81 -> 0
A9: DPS | B9: ='Respostas ao formulário 1'!G81 -> Clamper
A11: Dados Inversor
A12: Acionamento | B12: ='Respostas ao formulário 1'!L81 -> 0 | C12: Fusível | D12: ='Respostas ao formulário 1'!H81 -> 0
A13: Driver 1 | B13: ='Respostas ao formulário 1'!M81 -> 0 | C13: Driver 2 | D13: ='Respostas ao formulário 1'!O81 -> 0 | E13: Driver 3 | F13: ='Respostas ao formulário 1'!Q81 -> 0
A14: Serial | B14: ='Respostas ao formulário 1'!N81 -> 0 | C14: Local | D14: ='Respostas ao formulário 1'!P81 -> 0 | E14: Local | F14: ='Respostas ao formulário 1'!R81 -> 0
A16: Dados Motores
A17: Potência | B17: Tensão | C17: Corrente | D17: RPM | E17: FS | F17: Acionamento
A18: ='Respostas ao formulário 1'!U81 -> 0 | B18: ='Respostas ao formulário 1'!V81 -> 0 | C18: ='Respostas ao formulário 1'!W81 -> 0 | D18: ='Respostas ao formulário 1'!X81 -> 0 | E18: ='Respostas ao formulário 1'!Y81 -> 0 | F18: ='Respostas ao formulário 1'!Z81 -> 0
A19: Potência | B19: Tensão | C19: Corrente | D19: RPM | E19: FS | F19: Acionamento
A20: ='Respostas ao formulário 1'!AA81 -> 0 | B20: ='Respostas ao formulário 1'!AB81 -> 0 | C20: ='Respostas ao formulário 1'!AC81 -> 0 | D20: ='Respostas ao formulário 1'!AD81 -> 0 | E20: ='Respostas ao formulário 1'!AE81 -> 0 | F20: ='Respostas ao formulário 1'!AF81 -> 0
A21: Potência | B21: Tensão | C21: Corrente | D21: RPM | E21: FS | F21: Acionamento
A22: ='Respostas ao formulário 1'!AG81 -> 0 | B22: ='Respostas ao formulário 1'!AH81 -> 0 | C22: ='Respostas ao formulário 1'!AI81 -> 0 | D22: ='Respostas ao formulário 1'!AJ81 -> 0 | E22: ='Respostas ao formulário 1'!AK81 -> 0 | F22: ='Respostas ao formulário 1'!AL81 -> 0
A24: Sensores
A25: Sucção | B25: Recalque | C25: Modelo Vazão
A26: ='Respostas ao formulário 1'!AU81 -> 0 | B26: ='Respostas ao formulário 1'!AV81 -> 0 | C26: ='Respostas ao formulário 1'!BA81 -> MV110
A28: Dados Nível
A29: Tipo de Sensor | B29: ='Respostas ao formulário 1'!BZ81 -> 0

Sheet ETA CDI Vazões
B1: Dados dos Equipamentos Local: ETA CDI - Vazões Tipo: ETA - Estação de Tratamento de Água
A5: Dados Telemetria
A6: Comunicação | B6: ='Respostas ao formulário 1'!E82 -> Modem ABS
A7: Redundância | B7: ='Respostas ao formulário 1'!F82 -> Sem Redundância
A8: Marca da Fonte | B8: ='Respostas ao formulário 1'!J82 -> Weg
A9: DPS | B9: ='Respostas ao formulário 1'!G82 -> Lupa
A11: Sensores
A12: Sucção | B12: Recalque | C12: Modelo Vazão
A13: ='Respostas ao formulário 1'!AU82 -> Zurick - 0 a 100 MCA | B13: ='Respostas ao formulário 1'!AV82 -> Zurick - 0 a 100 MCA | C13: ='Respostas ao formulário 1'!BA82 -> 0
A15: Dados Nível
A16: Tipo de Sensor | B16: ='Respostas ao formulário 1'!BZ82 -> 0

Sheet ETA CDI
B1: Dados dos Equipamentos Local: ETA CDI Tipo: ETA - Estação de Tratamento de Água
A5: Dados Telemetria
A6: Comunicação | B6: ='Respostas ao formulário 1'!E80 -> Modem ABS
A7: Redundância | B7: ='Respostas ao formulário 1'!F80 -> Sem Redundância
A8: Marca da Fonte | B8: ='Respostas ao formulário 1'!J80 -> Omron
A9: DPS | B9: ='Respostas ao formulário 1'!G80 -> Clamper
A11: Dados Inversor
A12: Acionamento | B12: ='Respostas ao formulário 1'!L80 -> 0 | C12: Fusível | D12: ='Respostas ao formulário 1'!H80 -> 0
A13: Driver 1 | B13: ='Respostas ao formulário 1'!M80 -> 0 | C13: Driver 2 | D13: ='Respostas ao formulário 1'!O80 -> 0 | E13: Driver 3 | F13: ='Respostas ao formulário 1'!Q80 -> 0
A14: Serial | B14: ='Respostas ao formulário 1'!N80 -> 0 | C14: Local | D14: ='Respostas ao formulário 1'!P80 -> 0 | E14: Local | F14: ='Respostas ao formulário 1'!R80 -> 0

Sheet ETA Torreões
B1: Dados dos Equipamentos Local: ETA Torreões Tipo: ETA - Estação de Tratamento de Água
A5: Dados Telemetria
A6: Comunicação | B6: ='Respostas ao formulário 1'!E209 -> Modem ABS
A7: Redundância | B7: ='Respostas ao formulário 1'!F209 -> Sem Redundância
A8: Marca da Fonte | B8: ='Respostas ao formulário 1'!J209 -> Weg
A9: DPS | B9: ='Respostas ao formulário 1'!G209 -> Lupa
A12: Dados Bomba Dosadora
A13: Potência | B13: 0,07 kW
A14: Tensão | B14: 230 V
A16: Informações Nível
A17: Pressão | B17: ='Respostas ao formulário 1'!AV209 -> 0
A18: Nível | B18: ='Respostas ao formulário 1'!BZ209 -> Ultrassônico Nivelco - 0 a 5 m
B19: 2 Hidroestáticos

Sheet Flamboyant 2  Flamboyant 1
B1: Dados dos Equipamentos Local: Flamboyant 2 / Flamboyant 1 Tipo: Reservatório com Elevatória
A5: Dados Telemetria
A6: Comunicação | B6: ='Respostas ao formulário 1'!E90 -> 0
A7: Redundância | B7: ='Respostas ao formulário 1'!F90 -> Fibra
A8: Marca da Fonte | B8: ='Respostas ao formulário 1'!J90 -> Eaton
A9: DPS | B9: ='Respostas ao formulário 1'!G90 -> 0
A11: Dados Inversor
A12: Acionamento | B12: ='Respostas ao formulário 1'!L90 -> 440V
A13: Fusível | B13: ='Respostas ao formulário 1'!H90 -> 0
A14: Driver 1 | B14: ='Respostas ao formulário 1'!M90 -> CFW500AD4P3T4NB2O
A15: Serial | B15: ='Respostas ao formulário 1'!N90 -> 1108906966
A17: Dados Motores
A18: Fabricante | B18: Carcaça | C18: Potência | D18: Tensão | E18: Corrente | F18: RPM | G18: FS | H18: Acionamento
C19: ='Respostas ao formulário 1'!U90 -> 0.21kW | D19: ='Respostas ao formulário 1'!V90 -> 265V | E19: ='Respostas ao formulário 1'!W90 -> 1.20A | F19: ='Respostas ao formulário 1'!X90 -> 0 | G19: ='Respostas ao formulário 1'!Y90 -> 0 | H19: ='Respostas ao formulário 1'!Z90 -> 0
A20: Fabricante | B20: Carcaça | C20: Potência | D20: Tensão | E20: Corrente | F20: RPM | G20: FS | H20: Acionamento
C21: ='Respostas ao formulário 1'!AA90 -> 0 | D21: ='Respostas ao formulário 1'!AB90 -> 0 | E21: ='Respostas ao formulário 1'!AC90 -> 0 | F21: ='Respostas ao formulário 1'!AD90 -> 0 | G21: ='Respostas ao formulário 1'!AE90 -> 0 | H21: ='Respostas ao formulário 1'!AF90 -> 0
A23: Sensores
A24: Sucção | B24: Recalque | C24: Modelo Vazão
A25: ='Respostas ao formulário 1'!AU90 -> 0 | B25: ='Respostas ao formulário 1'!AV90 -> 0 | C25: ='Respostas ao formulário 1'!BC90 -> 0
A27: Dados do Reservatório
A28: Tipo de Sensor | B28: ='Respostas ao formulário 1'!BZ90 -> Ultrassônico Nivelco - 0 a 5 m
A30: Dimensões
A31: Altura Total (m)
A32: 2.45
A33: Altura do 0% (4mA) (m)
A34: 0
A35: Altura do 100% (20mA) (m)
A36: 2.2

Sheet Flamboyant 2
B1: Dados dos Equipamentos Local: Flamboyant 2 Tipo: Reservatório
A5: Dados Telemetria
A6: Comunicação | B6: ='Respostas ao formulário 1'!E91 -> Rádio
A7: Redundância | B7: ='Respostas ao formulário 1'!F91 -> Fibra
A8: Alimentação | B8: ='Respostas ao formulário 1'!B91 -> 127V
A9: DPS | B9: ='Respostas ao formulário 1'!G91 -> Clamper
A11: Dados do Reservatório
A12: Tipo de Sensor | B12: ='Respostas ao formulário 1'!BZ91 -> Hidroestático
A13: Fusível | B13: ='Respostas ao formulário 1'!H91 -> 0
A15: Dimensões
A16: Altura Total (m)
A18: Altura do 0% (4mA) (m)
A19: 0
A20: Altura do 100% (20mA) (m)

Sheet Vila MontanhesaGrama
B1: Dados dos Equipamentos Local: Vila Montanhesa/ Grama Tipo: Reservatório com Elevatória
A5: Dados Telemetria
A6: Comunicação | B6: ='Respostas ao formulário 1'!E216 -> 0
A7: Redundância | B7: ='Respostas ao formulário 1'!F216 -> Fibra Ótica
A8: Marca da Fonte | B8: ='Respostas ao formulário 1'!J216 -> Weg
A9: DPS | B9: ='Respostas ao formulário 1'!G216 -> Lupa
A11: Dados Inversor
A12: Acionamento | B12: ='Respostas ao formulário 1'!L216 -> 0
A13: Fusível | B13: ='Respostas ao formulário 1'!H216 -> NH00 63A 690V
A14: Driver 1 | B14: ='Respostas ao formulário 1'!M216 -> 0
A15: Serial | B15: ='Respostas ao formulário 1'!N216 -> 0
A17: Dados Motores
A18: Fabricante | B18: Carcaça | C18: Potência | D18: Tensão | E18: Corrente | F18: RPM | G18: FS | H18: Acionamento
C19: ='Respostas ao formulário 1'!U216 -> 0 | D19: ='Respostas ao formulário 1'!V216 -> 0 | E19: ='Respostas ao formulário 1'!W216 -> 0 | F19: ='Respostas ao formulário 1'!X216 -> 0 | G19: ='Respostas ao formulário 1'!Y216 -> 0 | H19: ='Respostas ao formulário 1'!Z216 -> 0
A20: Fabricante | B20: Carcaça | C20: Potência | D20: Tensão | E20: Corrente | F20: RPM | G20: FS | H20: Acionamento
C21: ='Respostas ao formulário 1'!AA216 -> 0 | D21: ='Respostas ao formulário 1'!AB216 -> 0 | E21: ='Respostas ao formulário 1'!AC216 -> 0 | F21: ='Respostas ao formulário 1'!AD216 -> 0 | G21: ='Respostas ao formulário 1'!AE216 -> 0 | H21: ='Respostas ao formulário 1'!AF216 -> 0
A23: Sensores
A24: Sucção | B24: Recalque | C24: Modelo Vazão
A25: ='Respostas ao formulário 1'!AU216 -> 0 | B25: ='Respostas ao formulário 1'!AV216 -> Zurich - 0 a 70 MCA | C25: ='Respostas ao formulário 1'!BA216 -> 0
A27: Dados do Reservatório
A28: Tipo de Sensor | B28: ='Respostas ao formulário 1'!BZ216 -> Ultrassônico Nivelco - 0 a 5 m
A30: Dimensões Reservatório
A31: Altura Total (m)
A32: 4.4
A33: Altura do 0% (4mA) (m)
A34: 0
A35: Altura do 100% (20mA) (m)
A36: 3.4

Sheet Mandala
B1: Dados dos Equipamentos Local: Mandala Tipo: Booster
A5: Dados Telemetria
A6: Comunicação | B6: ='Respostas ao formulário 1'!E115 -> Modem ABS
A7: Redundância | B7: ='Respostas ao formulário 1'!F115 -> Fibra
A8: Marca da Fonte | B8: ='Respostas ao formulário 1'!J115 -> Weidmuller
A9: DPS | B9: ='Respostas ao formulário 1'!G115 -> 0
A11: Dados Inversor
A12: Acionamento | B12: ='Respostas ao formulário 1'!L115 -> 440V
A13: Fusível | B13: ='Respostas ao formulário 1'!H115 -> NH2 630A 690V
A14: Driver 1 | B14: ='Respostas ao formulário 1'!M115 -> CFW110312T4SZ
A15: Serial | B15: ='Respostas ao formulário 1'!N115 -> 1038963803
A17: Dados Motores
A18: Fabricante | B18: Carcaça | C18: Potência | D18: Tensão | E18: Corrente | F18: RPM | G18: FS | H18: Acionamento
C19: ='Respostas ao formulário 1'!U115 -> 200CV | D19: ='Respostas ao formulário 1'!V115 -> 440V | E19: ='Respostas ao formulário 1'!W115 -> 237A | F19: ='Respostas ao formulário 1'!X115 -> 1785 | G19: ='Respostas ao formulário 1'!Y115 -> 1.15 | H19: ='Respostas ao formulário 1'!Z115 -> Driver 1
A20: Fabricante | B20: Carcaça | C20: Potência | D20: Tensão | E20: Corrente | F20: RPM | G20: FS | H20: Acionamento
C21: ='Respostas ao formulário 1'!AA115 -> 175CV | D21: ='Respostas ao formulário 1'!AB115 -> 440V | E21: ='Respostas ao formulário 1'!AC115 -> 209A | F21: ='Respostas ao formulário 1'!AD115 -> 1790 | G21: ='Respostas ao formulário 1'!AE115 -> 1.25 | H21: ='Respostas ao formulário 1'!AF115 -> Driver 2
A23: Sensores
A24: Sucção | B24: Recalque | C24: Modelo Vazão
A25: ='Respostas ao formulário 1'!AU115 -> 0 | B25: ='Respostas ao formulário 1'!AV115 -> Conect - 0 a 200 MCA | C25: ='Respostas ao formulário 1'!BA115 -> MV110

Sheet Ceresp (Reservatório)
B1: Dados dos Equipamentos Local: Ceresp Tipo: Reservatório
A5: Dados Telemetria
A6: Comunicação | B6: ='Respostas ao formulário 1'!E234 -> Modem ABS
A7: Redundância | B7: ='Respostas ao formulário 1'!F234 -> Sem Redundância
A8: Alimentação | B8: ='Respostas ao formulário 1'!B234 -> 127V
A9: DPS | B9: ='Respostas ao formulário 1'!G234 -> Clamper
A11: Dados do Reservatório
A12: Tipo de Sensor | B12: ='Respostas ao formulário 1'!BZ234 -> Ultrassônico Nivelco - 0 a 5 m
A13: Fusível | B13: ='Respostas ao formulário 1'!H234 -> 0
A15: Dimensões
A16: Altura Total (m)
A17: 18
A18: Altura do 0% (4mA) (m)
A19: 0
A20: Altura do 100% (20mA) (m)
A21: 17.5

Sheet JK2_JK1
B1: Dados dos Equipamentos Local: JK2/ JK1 Tipo: Reservatório com Elevatória
A5: Dados Telemetria
A6: Comunicação | B6: ='Respostas ao formulário 1'!E231 -> Modem ABS
A7: Redundância | B7: ='Respostas ao formulário 1'!F231 -> Sem Redundância
A8: Marca da Fonte | B8: ='Respostas ao formulário 1'!J231 -> Weg
A9: DPS | B9: ='Respostas ao formulário 1'!G231 -> 0
A11: Dados Inversor
A12: Acionamento | B12: ='Respostas ao formulário 1'!L231 -> 440V
A13: Fusível | B13: ='Respostas ao formulário 1'!H231 -> NH 2 630A 690V
A14: Driver 1 | B14: ='Respostas ao formulário 1'!M231 -> CFW110312T4SZ
A15: Serial | B15: ='Respostas ao formulário 1'!N231 -> 1074868808
A17: Dados Motores
A18: Fabricante | B18: Carcaça | C18: Potência | D18: Tensão | E18: Corrente | F18: RPM | G18: FS | H18: Acionamento
C19: ='Respostas ao formulário 1'!U231 -> 200CV | D19: ='Respostas ao formulário 1'!V231 -> 440V | E19: ='Respostas ao formulário 1'!W231 -> 240A | F19: ='Respostas ao formulário 1'!X231 -> 1780 | G19: ='Respostas ao formulário 1'!Y231 -> 1 | H19: ='Respostas ao formulário 1'!Z231 -> Driver 1
A20: Fabricante | B20: Carcaça | C20: Potência | D20: Tensão | E20: Corrente | F20: RPM | G20: FS | H20: Acionamento
C21: ='Respostas ao formulário 1'!AA231 -> 50CV | D21: ='Respostas ao formulário 1'!AB231 -> 440V | E21: ='Respostas ao formulário 1'!AC231 -> 61.5A | F21: ='Respostas ao formulário 1'!AD231 -> 1170 | G21: ='Respostas ao formulário 1'!AE231 -> 1.15 | H21: ='Respostas ao formulário 1'!AF231 -> Driver 1
A23: Sensores
A24: Sucção | B24: Recalque | C24: Modelo Vazão
A25: ='Respostas ao formulário 1'!AU231 -> Zurich - 0 a 70 MCA | B25: ='Respostas ao formulário 1'!AV231 -> Zurich - 0 a 200 MCA | C25: ='Respostas ao formulário 1'!BA231 -> MS 2500
A27: Dados do Reservatório
A28: Tipo de Sensor | B28: ='Respostas ao formulário 1'!BZ231 -> 0
A30: Dimensões Reservatório
A31: Altura Total (m)
A32: 3.6
A33: Altura do 0% (4mA) (m)
A34: 0
A35: Altura do 100% (20mA) (m)
A36: 3.17

Sheet Guaruá (Reservatório)
B1: Dados dos Equipamentos Local: Guaruá Tipo: Reservatório
A5: Dados Telemetria
A6: Comunicação | B6: ='Respostas ao formulário 1'!E233 -> Modem ABS
A7: Redundância | B7: ='Respostas ao formulário 1'!F233 -> Sem Redundância
A8: Alimentação | B8: ='Respostas ao formulário 1'!J233 -> Weidmuller
A9: DPS | B9: ='Respostas ao formulário 1'!G233 -> Lupa
A11: Dados do Reservatório
A12: Tipo de Sensor | B12: ='Respostas ao formulário 1'!BZ233 -> 0
A13: Fusível | B13: ='Respostas ao formulário 1'!H233 -> 0
A15: Dimensões
A16: Altura Total (m)
A17: 3.75
A18: Altura do 0% (4mA) (m)
A19: 0
A20: Altura do 100% (20mA) (m)
A21: 3.05

Sheet Estrela Alta (Vazão)
B1: Dados dos Equipamentos Local: Estrela Alta Tipo: Vazão
A5: Dados Telemetria
A6: Comunicação | B6: ='Respostas ao formulário 1'!E232 -> Modem LUPA
A7: Redundância | B7: ='Respostas ao formulário 1'!F232 -> Sem Redundância
A8: Alimentação | B8: ='Respostas ao formulário 1'!J232 -> LR Informática
A9: DPS | B9: ='Respostas ao formulário 1'!G232 -> Lupa
A11: Dados da VRP
A12: Modelo Vazão | B12: ='Respostas ao formulário 1'!BA232 -> 0

Sheet ETE Barbosa Lage
B1: Dados dos Equipamentos Local: ETE Barbosa Lage Tipo: ETE - Estação de Tratamento de Esgoto
A5: Dados Telemetria
A6: Comunicação | B6: ='Respostas ao formulário 1'!E84 -> 0
A7: Redundância | B7: ='Respostas ao formulário 1'!F84 -> 0
A8: Marca da Fonte | B8: ='Respostas ao formulário 1'!J84 -> 0
A9: DPS | B9: ='Respostas ao formulário 1'!G84 -> 0
A11: Dados Inversor
A12: Acionamento | B12: ='Respostas ao formulário 1'!L84 -> 220V | C12: Fusível | D12: ='Respostas ao formulário 1'!H84 -> NH00 160A 690V
A13: Aerador da Equalização | B13: ='Respostas ao formulário 1'!M84 -> CFW110105T2OFAZ | C13: Aerador do Tanque Digestor | D13: ='Respostas ao formulário 1'!O84 -> CFW08 | E13: Recirculação Bomba B | F13: ='Respostas ao formulário 1'!Q84 -> CFW08 | G13: Equalizador A e B | H13: ='Respostas ao formulário 1'!S84 -> 0
A14: Serial | B14: ='Respostas ao formulário 1'!N84 -> 1042097931 | C14: Serial | D14: ='Respostas ao formulário 1'!P84 -> Ácido Fluorsilicio | E14: Serial | F14: ='Respostas ao formulário 1'!R84 -> Ortopolifosfato de Sódio | G14: Serial | H14: ='Respostas ao formulário 1'!T84 -> 0
A16: Dados Motores
A17: Potência | B17: Tensão | C17: Corrente | D17: RPM | E17: FS | F17: Acionamento
A18: ='Respostas ao formulário 1'!U84 -> 40CV | B18: ='Respostas ao formulário 1'!V84 -> 220V | C18: ='Respostas ao formulário 1'!W84 -> 106A | D18: ='Respostas ao formulário 1'!X84 -> 1180 | E18: ='Respostas ao formulário 1'!Y84 -> 1.25 | F18: ='Respostas ao formulário 1'!Z84 -> Driver 1
A19: Potência | B19: Tensão | C19: Corrente | D19: RPM | E19: FS | F19: Acionamento
A20: ='Respostas ao formulário 1'!AA84 -> 40CV | B20: ='Respostas ao formulário 1'!AB84 -> 220V | C20: ='Respostas ao formulário 1'!AC84 -> 106A | D20: ='Respostas ao formulário 1'!AD84 -> 1180 | E20: ='Respostas ao formulário 1'!AE84 -> 1.25 | F20: ='Respostas ao formulário 1'!AF84 -> Driver 1
A21: Potência | B21: Tensão | C21: Corrente | D21: RPM | E21: FS | F21: Acionamento
A22: ='Respostas ao formulário 1'!AG84 -> 7.5CV | B22: ='Respostas ao formulário 1'!AH84 -> 220V | C22: ='Respostas ao formulário 1'!AI84 -> 19.4A | D22: ='Respostas ao formulário 1'!AJ84 -> 3515 | E22: ='Respostas ao formulário 1'!AK84 -> 1.15 | F22: ='Respostas ao formulário 1'!AL84 -> Driver 2
A24: Dados Nível
A25: Tipo de Sensor | B25: ='Respostas ao formulário 1'!BZ84 -> Ultrassônico Nivelco - 0 a 5 m

Sheet ETE Barbosa Lage (Soprador)
B1: Dados dos Equipamentos Local: ETE Barbosa Lage - Soprador Tipo: ETE - Estação de Tratamento de Esgoto
A5: Dados Telemetria
A6: Comunicação | B6: ='Respostas ao formulário 1'!E85 -> Rádio
A7: Redundância | B7: ='Respostas ao formulário 1'!F85 -> Sem Redundância
A8: Marca da Fonte | B8: ='Respostas ao formulário 1'!J85 -> Weidmuller
A9: DPS | B9: ='Respostas ao formulário 1'!G85 -> 0
A11: Dados Inversor
A12: Acionamento | B12: ='Respostas ao formulário 1'!L85 -> 0 | C12: Fusível | D12: ='Respostas ao formulário 1'!H85 -> 0
A13: Driver 1 | B13: ='Respostas ao formulário 1'!M85 -> 0 | C13: Driver 2 | D13: ='Respostas ao formulário 1'!O85 -> 0
A14: Serial | B14: ='Respostas ao formulário 1'!N85 -> 0 | C14: Serial | D14: ='Respostas ao formulário 1'!P85 -> 0
A16: Dados Motores
A17: Potência | B17: Tensão | C17: Corrente | D17: RPM | E17: FS | F17: Acionamento
A18: ='Respostas ao formulário 1'!U85 -> 0 | B18: ='Respostas ao formulário 1'!V85 -> 0 | C18: ='Respostas ao formulário 1'!W85 -> 0 | D18: ='Respostas ao formulário 1'!X85 -> 0 | E18: ='Respostas ao formulário 1'!Y85 -> 0 | F18: ='Respostas ao formulário 1'!Z85 -> 0
A19: Potência | B19: Tensão | C19: Corrente | D19: RPM | E19: FS | F19: Acionamento
A20: ='Respostas ao formulário 1'!AA85 -> 0 | B20: ='Respostas ao formulário 1'!AB85 -> 0 | C20: ='Respostas ao formulário 1'!AC85 -> 0 | D20: ='Respostas ao formulário 1'!AD85 -> 0 | E20: ='Respostas ao formulário 1'!AE85 -> 0 | F20: ='Respostas ao formulário 1'!AF85 -> 0

Sheet Granbery 2
B1: Dados dos Equipamentos Local: Granbery 2 Tipo: Booster
A5: Dados Telemetria
A6: Comunicação | B6: ='Respostas ao formulário 1'!E96 -> Modem ABS
A7: Redundância | B7: ='Respostas ao formulário 1'!F96 -> Sem Redundância
A8: Marca da Fonte | B8: ='Respostas ao formulário 1'!J96 -> LR Informática
A9: DPS | B9: ='Respostas ao formulário 1'!G96 -> Lupa
A11: Dados Inversor
A12: Acionamento | B12: ='Respostas ao formulário 1'!L96 -> 220V
A13: Fusível | B13: ='Respostas ao formulário 1'!H96 -> NH00 80A 690V
A14: Driver 1 | B14: ='Respostas ao formulário 1'!M96 -> CFW090054T2223PSZ
A15: Serial | B15: ='Respostas ao formulário 1'!N96 -> BS4147
A17: Dados Motores
A18: Fabricante | B18: Carcaça | C18: Potência | D18: Tensão | E18: Corrente | F18: RPM | G18: FS | H18: Acionamento
C19: ='Respostas ao formulário 1'!U96 -> 15CV | D19: ='Respostas ao formulário 1'!V96 -> 220V | E19: ='Respostas ao formulário 1'!W96 -> 36.8A | F19: ='Respostas ao formulário 1'!X96 -> 3535 | G19: ='Respostas ao formulário 1'!Y96 -> 1.25 | H19: ='Respostas ao formulário 1'!Z96 -> Driver 1
A20: Fabricante | B20: Carcaça | C20: Potência | D20: Tensão | E20: Corrente | F20: RPM | G20: FS | H20: Acionamento
C21: ='Respostas ao formulário 1'!AA96 -> 10CV | D21: ='Respostas ao formulário 1'!AB96 -> 220V | E21: ='Respostas ao formulário 1'!AC96 -> 25A | F21: ='Respostas ao formulário 1'!AD96 -> 3530 | G21: ='Respostas ao formulário 1'!AE96 -> 1.25 | H21: ='Respostas ao formulário 1'!AF96 -> Driver 2
A23: Sensores
A24: Sucção | B24: Recalque | C24: Modelo Vazão
A25: ='Respostas ao formulário 1'!AU96 -> Gulton - 0 a 100 MCA | B25: ='Respostas ao formulário 1'!AV96 -> SAR - 0 a 100 MCA | C25: ='Respostas ao formulário 1'!BA96 -> 0

Sheet Vila Fortaleza
B1: Dados dos Equipamentos Local: Vila Fortaleza Tipo: Booster
A5: Dados Telemetria
A6: Comunicação | B6: ='Respostas ao formulário 1'!E215 -> Modem ABS
A7: Redundância | B7: ='Respostas ao formulário 1'!F215 -> Sem Redundância
A8: Marca da Fonte | B8: ='Respostas ao formulário 1'!J215 -> Weg
A9: DPS | B9: ='Respostas ao formulário 1'!G215 -> 0
A11: Dados Inversor
A12: Acionamento | B12: ='Respostas ao formulário 1'!L215 -> 220V
A13: Fusível | B13: ='Respostas ao formulário 1'!H215 -> 0
A14: Driver 1 | B14: ='Respostas ao formulário 1'!M215 -> CFW110045T2OFAZ
A15: Serial | B15: ='Respostas ao formulário 1'!N215 -> 1066038270
A17: Dados Motores
A18: Fabricante | B18: Carcaça | C18: Potência | D18: Tensão | E18: Corrente | F18: RPM | G18: FS | H18: Acionamento
C19: ='Respostas ao formulário 1'!U215 -> 12.5CV | D19: ='Respostas ao formulário 1'!V215 -> 220V | E19: ='Respostas ao formulário 1'!W215 -> 32A | F19: ='Respostas ao formulário 1'!X215 -> 1760 | G19: ='Respostas ao formulário 1'!Y215 -> 1.15 | H19: ='Respostas ao formulário 1'!Z215 -> Driver 1
A20: Fabricante | B20: Carcaça | C20: Potência | D20: Tensão | E20: Corrente | F20: RPM | G20: FS | H20: Acionamento
C21: ='Respostas ao formulário 1'!AA215 -> 12.5CV | D21: ='Respostas ao formulário 1'!AB215 -> 220V | E21: ='Respostas ao formulário 1'!AC215 -> 32A | F21: ='Respostas ao formulário 1'!AD215 -> 1760 | G21: ='Respostas ao formulário 1'!AE215 -> 1.15 | H21: ='Respostas ao formulário 1'!AF215 -> Driver 1
A23: Sensores
A24: Sucção | B24: Recalque | C24: Sensor VRP | D24: Modelo Vazão
A25: ='Respostas ao formulário 1'!AU215 -> Zurich - 0 a 200 MCA | B25: ='Respostas ao formulário 1'!AV215 -> Zurich - 0 a 200 MCA | C25: ='Respostas ao formulário 1'!AW215 -> 0 | D25: ='Respostas ao formulário 1'!BA215 -> 0

Sheet Santos Dumont
B1: Dados dos Equipamentos Local:Santos Dumont Tipo: Elevatória de Água
A5: Dados Telemetria
A6: Comunicação | B6: ='Respostas ao formulário 1'!E189 -> Modem LUPA
A7: Redundância | B7: ='Respostas ao formulário 1'!F189 -> Sem Redundância
A8: Marca da Fonte | B8: ='Respostas ao formulário 1'!J189 -> Conexel Power
A9: DPS | B9: ='Respostas ao formulário 1'!G189 -> -
A11: Dados Inversor
A12: Acionamento | B12: ='Respostas ao formulário 1'!L189 -> 220V
A13: Fusível | B13: ='Respostas ao formulário 1'!H189 -> NH1 200A 500V
A14: Driver 1 | B14: ='Respostas ao formulário 1'!M189 -> CFW110070T2OFAZ
A15: Serial | B15: ='Respostas ao formulário 1'!N189 -> 1039337883
A17: Dados Motores
A18: Fabricante | B18: Carcaça | C18: Potência | D18: Tensão | E18: Corrente | F18: RPM | G18: FS | H18: Acionamento
C19: ='Respostas ao formulário 1'!U189 -> 25CV | D19: ='Respostas ao formulário 1'!V189 -> 220V | E19: ='Respostas ao formulário 1'!W189 -> 64A | F19: ='Respostas ao formulário 1'!X189 -> 1770 | G19: ='Respostas ao formulário 1'!Y189 -> 1.25 | H19: ='Respostas ao formulário 1'!Z189 -> Driver 1
A20: Fabricante | B20: Carcaça | C20: Potência | D20: Tensão | E20: Corrente | F20: RPM | G20: FS | H20: Acionamento
C21: ='Respostas ao formulário 1'!AA189 -> 25CV | D21: ='Respostas ao formulário 1'!AB189 -> 220V | E21: ='Respostas ao formulário 1'!AC189 -> 64A | F21: ='Respostas ao formulário 1'!AD189 -> 1770 | G21: ='Respostas ao formulário 1'!AE189 -> 1.25 | H21: ='Respostas ao formulário 1'!AF189 -> Driver 1
A23: Sensores
A24: Sucção | B24: Recalque | C24: Vazão
A25: ='Respostas ao formulário 1'!AU189 -> Sem sucção | B25: ='Respostas ao formulário 1'!AV189 -> Gulton - 0 a 100 MCA | C25: ='Respostas ao formulário 1'!BA189 -> 0

Sheet Tiguera (VRP)
B1: Dados dos Equipamentos Local: Tiguera Tipo: VRP
A5: Dados Telemetria
A6: Comunicação | B6: ='Respostas ao formulário 1'!E230 -> Modem ABS
A7: Redundância | B7: ='Respostas ao formulário 1'!F230 -> Sem Redundância
A8: Alimentação | B8: ='Respostas ao formulário 1'!J230 -> Weidmuller
A9: DPS | B9: ='Respostas ao formulário 1'!G230 -> Clamper
A11: Dados da VRP
A12: Sensor à Jusante | B12: ='Respostas ao formulário 1'!AU230 -> Zurich - 0 a 200 MCA
A13: Sensor à Montante | B13: ='Respostas ao formulário 1'!AV230 -> Zurich - 0 a 200 MCA
A14: Modelo Vazão | B14: ='Respostas ao formulário 1'!BA230 -> MV110

Sheet Bonsucesso
B1: Dados dos Equipamentos Local: Bonsucesso Tipo: Reservatório
A5: Dados Telemetria
A6: Comunicação | B6: ='Respostas ao formulário 1'!E229 -> Modem ABS
A7: Redundância | B7: ='Respostas ao formulário 1'!F229 -> Sem Redundância
A8: Alimentação | B8: ='Respostas ao formulário 1'!J229 -> LR Informática
A9: DPS | B9: ='Respostas ao formulário 1'!G229 -> Lupa
A11: Dados do Reservatório
A12: Tipo de Sensor | B12: ='Respostas ao formulário 1'!BZ229 -> Hidroestático
A13: Fusível | B13: ='Respostas ao formulário 1'!H229 -> 0
A15: Dimensões
A16: Altura Total (m)
A17: 3.9
A18: Altura do 0% (4mA) (m)
A19: 0
A20: Altura do 100% (20mA) (m)
A21: 3.15

Sheet Santo Agostinho (Reservatório)
B1: Dados dos Equipamentos Local: Santo Agostinho Tipo: Reservatório
A5: Dados Telemetria
A6: Comunicação | B6: ='Respostas ao formulário 1'!E228 -> Modem LUPA
A7: Redundância | B7: ='Respostas ao formulário 1'!F228 -> Sem Redundância
A8: Alimentação | B8: ='Respostas ao formulário 1'!J228 -> Weg
A9: DPS | B9: ='Respostas ao formulário 1'!G228 -> Lupa
A11: Dados do Reservatório
A12: Tipo de Sensor | B12: ='Respostas ao formulário 1'!BZ228 -> Ultrassônico Nivelco - 0 a 5 m
A13: Fusível | B13: ='Respostas ao formulário 1'!H228 -> Fusicon 315A 690V
A15: Dimensões
A16: Altura Total (m)
A18: Altura do 0% (4mA) (m)
A19: 0
A20: Altura do 100% (20mA) (m)

Sheet Santos Dumont (Ponto Critico)
B1: Dados dos Equipamentos Local: Santos Dumont Tipo: Ponto Crítico
A5: Dados Telemetria
A6: Comunicação | B6: ='Respostas ao formulário 1'!E190 -> Modem ABS
A7: Redundância | B7: ='Respostas ao formulário 1'!F190 -> Sem Redundância
A8: Alimentação | B8: ='Respostas ao formulário 1'!J190 -> Weg
A9: DPS | B9: ='Respostas ao formulário 1'!G190 -> 0
A11: Dados da Estação
A12: Modelo Sensor | B12: ='Respostas ao formulário 1'!AV190 -> Zurick - 0 a 200 MCA

Sheet Maternidade
B1: Dados dos Equipamentos Local: Maternidade Tipo: Elevatória de Água
A5: Dados Telemetria
A6: Comunicação | B6: ='Respostas ao formulário 1'!E116 -> Modem LUPA
A7: Redundância | B7: ='Respostas ao formulário 1'!F116 -> Sem Redundância
A8: Marca da Fonte | B8: ='Respostas ao formulário 1'!J116 -> Weidmuller
A9: DPS | B9: ='Respostas ao formulário 1'!G116 -> 0
A11: Dados Inversor
A12: Acionamento | B12: ='Respostas ao formulário 1'!L116 -> 220V | C12: Fusível | D12: ='Respostas ao formulário 1'!H116 -> 0
A13: Driver 1 | B13: ='Respostas ao formulário 1'!M116 -> CFW08 | C13: Driver 2 | D13: ='Respostas ao formulário 1'!O116 -> 0 | E13: Driver 3 | F13: ='Respostas ao formulário 1'!Q116 -> 0
A14: Serial | B14: ='Respostas ao formulário 1'!N116 -> 1032441094 | C14: Serial | D14: ='Respostas ao formulário 1'!P116 -> 0 | E14: Serial | F14: ='Respostas ao formulário 1'!R116 -> 0
A16: Dados Motores
A17: Fabricante | B17: Carcaça | C17: Potência | D17: Tensão | E17: Corrente | F17: RPM | G17: FS | H17: Acionamento
C18: ='Respostas ao formulário 1'!U116 -> 1CV | D18: ='Respostas ao formulário 1'!V116 -> 220V | E18: ='Respostas ao formulário 1'!W116 -> 3.8 | F18: ='Respostas ao formulário 1'!X116 -> 3450 | G18: ='Respostas ao formulário 1'!Y116 -> 0 | H18: ='Respostas ao formulário 1'!Z116 -> Driver 1
A19: Fabricante | B19: Carcaça | C19: Potência | D19: Tensão | E19: Corrente | F19: RPM | G19: FS | H19: Acionamento
C20: ='Respostas ao formulário 1'!AA116 -> 1CV | D20: ='Respostas ao formulário 1'!AB116 -> 220V | E20: ='Respostas ao formulário 1'!AC116 -> 3.8 | F20: ='Respostas ao formulário 1'!AD116 -> 3450 | G20: ='Respostas ao formulário 1'!AE116 -> 0 | H20: ='Respostas ao formulário 1'!AF116 -> Driver 1
A21: Fabricante | B21: Carcaça | C21: Potência | D21: Tensão | E21: Corrente | F21: RPM | G21: FS | H21: Acionamento
C22: ='Respostas ao formulário 1'!AG116 -> 0 | D22: ='Respostas ao formulário 1'!AH116 -> 0 | E22: ='Respostas ao formulário 1'!AI116 -> 0 | F22: ='Respostas ao formulário 1'!AJ116 -> 0 | G22: ='Respostas ao formulário 1'!AK116 -> 0 | H22: ='Respostas ao formulário 1'!AL116 -> 0
A24: Sensores
A25: Sucção | B25: Recalque | C25: Modelo Vazão
A26: ='Respostas ao formulário 1'!AU116 -> Zurich - 0 a 100 MCA | B26: ='Respostas ao formulário 1'!AV116 -> Zurich - 0 a 100 MCA | C26: ='Respostas ao formulário 1'!BA116 -> 0

Sheet Granville
B1: Dados dos Equipamentos Local: Granville Tipo: Elevatória de Água
A5: Dados Telemetria
A6: Comunicação | B6: ='Respostas ao formulário 1'!E98 -> Modem ABS
A7: Redundância | B7: ='Respostas ao formulário 1'!F98 -> Sem Redundância
A8: Marca da Fonte | B8: ='Respostas ao formulário 1'!J98 -> Conexel
A9: DPS | B9: ='Respostas ao formulário 1'!G98 -> Lupa
A11: Dados Inversor
A12: Acionamento | B12: ='Respostas ao formulário 1'!L98 -> 220V
A13: Fusível | B13: ='Respostas ao formulário 1'!H98 -> Simens 3NE4 250A 800V
A14: Driver 1 | B14: ='Respostas ao formulário 1'!M98 -> CFW110211T2SZ
A15: Serial | B15: ='Respostas ao formulário 1'!N98 -> 1039345501
A17: Dados Motores
A18: Fabricante | B18: Carcaça | C18: Potência | D18: Tensão | E18: Corrente | F18: RPM | G18: FS | H18: Acionamento
C19: ='Respostas ao formulário 1'!U98 -> 75CV | D19: ='Respostas ao formulário 1'!V98 -> 220V | E19: ='Respostas ao formulário 1'!W98 -> 173A | F19: ='Respostas ao formulário 1'!X98 -> 3565 | G19: ='Respostas ao formulário 1'!Y98 -> 1.15 | H19: ='Respostas ao formulário 1'!Z98 -> Driver 1
A20: Fabricante | B20: Carcaça | C20: Potência | D20: Tensão | E20: Corrente | F20: RPM | G20: FS | H20: Acionamento
C21: ='Respostas ao formulário 1'!AA98 -> 75CV | D21: ='Respostas ao formulário 1'!AB98 -> 220V | E21: ='Respostas ao formulário 1'!AC98 -> 173A | F21: ='Respostas ao formulário 1'!AD98 -> 3565 | G21: ='Respostas ao formulário 1'!AE98 -> 1.15 | H21: ='Respostas ao formulário 1'!AF98 -> Driver 1
A23: Sensores
A24: Sucção | B24: Recalque | C24: Modelo Vazão
A25: ='Respostas ao formulário 1'!AU98 -> Guton - 0 a 60 MCA | B25: ='Respostas ao formulário 1'!AV98 -> Zurich - 0 a 100 MCA | C25: ='Respostas ao formulário 1'!BA98 -> 0

Sheet Parque Imperial (Reservatório)
B1: Dados dos Equipamentos Local: Parque Imperial Tipo: Reservatório
A5: Dados Telemetria
A6: Comunicação | B6: ='Respostas ao formulário 1'!E147 -> Modem ABS
A7: Redundância | B7: ='Respostas ao formulário 1'!F147 -> Sem Redundância
A8: Alimentação | B8: ='Respostas ao formulário 1'!J147 -> Weg
A9: DPS | B9: ='Respostas ao formulário 1'!G147 -> Clamper
A11: Dados do Reservatório
A12: Tipo de Sensor | B12: ='Respostas ao formulário 1'!BZ147 -> Pressão
A13: Fusível | B13: ='Respostas ao formulário 1'!H147 -> 0
A15: Dimensões
A16: Altura Total (m)
A17: 3
A18: Altura do 0% (4mA) (m)
A19: 0
A20: Altura do 100% (20mA) (m)
A21: 2.7

Sheet Parque Guarani (Reservatório)
B1: Dados dos Equipamentos Local: Parque Guarani Tipo: Reservatório
A5: Dados Telemetria
A6: Comunicação | B6: ='Respostas ao formulário 1'!E222 -> Modem ABS
A7: Redundância | B7: ='Respostas ao formulário 1'!F222 -> Sem Redundância
A8: Alimentação | B8: ='Respostas ao formulário 1'!J222 -> 0
A9: DPS | B9: ='Respostas ao formulário 1'!G222 -> 0
A11: Dados do Reservatório
A12: Tipo de Sensor | B12: ='Respostas ao formulário 1'!BZ222 -> 0
A13: Fusível | B13: ='Respostas ao formulário 1'!H222 -> 0
A15: Dimensões
A16: Altura Total (m)
A18: Altura do 0% (4mA) (m)
A19: 0
A20: Altura do 100% (20mA) (m)

Sheet Nova Gramado (Reservatório)
B1: Dados dos Equipamentos Local: Nova Gramado Tipo: Reservatório
A5: Dados Telemetria
A6: Comunicação | B6: ='Respostas ao formulário 1'!E221 -> Modem LUPA
A7: Redundância | B7: ='Respostas ao formulário 1'!F221 -> Sem Redundância
A8: Alimentação | B8: ='Respostas ao formulário 1'!J221 -> 0
A9: DPS | B9: ='Respostas ao formulário 1'!G221 -> 0
A11: Dados do Reservatório
A12: Tipo de Sensor | B12: ='Respostas ao formulário 1'!BZ221 -> 0
A13: Fusível | B13: ='Respostas ao formulário 1'!H221 -> NH 00 80A 690V
A15: Dimensões
A16: Altura Total (m)
A18: Altura do 0% (4mA) (m)
A19: 9.8
A20: Altura do 100% (20mA) (m)
A21: 14.6

Sheet JK-Tiguera
B1: Dados dos Equipamentos Local: JK - Tiguera Tipo: Elevatória de Água
A5: Dados Telemetria
A6: Comunicação | B6: ='Respostas ao formulário 1'!E98 -> Modem ABS
A7: Redundância | B7: ='Respostas ao formulário 1'!F98 -> Sem Redundância
A8: Marca da Fonte | B8: ='Respostas ao formulário 1'!J98 -> Conexel
A9: DPS | B9: ='Respostas ao formulário 1'!G98 -> Lupa
A11: Dados Inversor
A12: Acionamento | B12: ='Respostas ao formulário 1'!L98 -> 220V | C12: Fusível | D12: ='Respostas ao formulário 1'!H98 -> Simens 3NE4 250A 800V
A13: Driver 1 | B13: ='Respostas ao formulário 1'!M98 -> CFW110211T2SZ | C13: Driver 2 | D13: ='Respostas ao formulário 1'!O98 -> 0
A14: Serial | B14: ='Respostas ao formulário 1'!N98 -> 1039345501 | C14: Serial | D14: ='Respostas ao formulário 1'!P98 -> 0
A16: Dados Motores
A17: Fabricante | B17: Carcaça | C17: Potência | D17: Tensão | E17: Corrente | F17: RPM | G17: FS | H17: Acionamento
C18: ='Respostas ao formulário 1'!U98 -> 75CV | D18: ='Respostas ao formulário 1'!V98 -> 220V | E18: ='Respostas ao formulário 1'!W98 -> 173A | F18: ='Respostas ao formulário 1'!X98 -> 3565 | G18: ='Respostas ao formulário 1'!Y98 -> 1.15 | H18: ='Respostas ao formulário 1'!Z98 -> Driver 1
A19: Fabricante | B19: Carcaça | C19: Potência | D19: Tensão | E19: Corrente | F19: RPM | G19: FS | H19: Acionamento
C20: ='Respostas ao formulário 1'!AA98 -> 75CV | D20: ='Respostas ao formulário 1'!AB98 -> 220V | E20: ='Respostas ao formulário 1'!AC98 -> 173A | F20: ='Respostas ao formulário 1'!AD98 -> 3565 | G20: ='Respostas ao formulário 1'!AE98 -> 1.15 | H20: ='Respostas ao formulário 1'!AF98 -> Driver 1
A22: Sensores
A23: Sucção | B23: Recalque | C23: Modelo Vazão 1 | D23: Modelo Vazão 2
A24: ='Respostas ao formulário 1'!AU98 -> Guton - 0 a 60 MCA | B24: ='Respostas ao formulário 1'!AV98 -> Zurich - 0 a 100 MCA | C24: ='Respostas ao formulário 1'!BA98 -> 0 | D24: ='Respostas ao formulário 1'!BJ98 -> 0

Sheet JK1
B1: Dados dos Equipamentos Local: JK 1 Tipo: Elevatória de Água
A5: Dados Telemetria
A6: Comunicação | B6: ='Respostas ao formulário 1'!E97 -> Modem Lupa
A7: Redundância | B7: ='Respostas ao formulário 1'!F97 -> Sem Redundância
A8: Marca da Fonte | B8: ='Respostas ao formulário 1'!J97 -> Weg
A9: DPS | B9: ='Respostas ao formulário 1'!G97 -> Clamper
A11: Dados Inversor
A12: Acionamento | B12: ='Respostas ao formulário 1'!L97 -> 220V
A13: Fusível | B13: ='Respostas ao formulário 1'!H97 -> NH1 250A 690V
A14: Driver 1 | B14: ='Respostas ao formulário 1'!M97 -> CFW110142T2SZ
A15: Serial | B15: ='Respostas ao formulário 1'!N97 -> 1024959922
A17: Dados Motores
A18: Fabricante | B18: Carcaça | C18: Potência | D18: Tensão | E18: Corrente | F18: RPM | G18: FS | H18: Acionamento
A19: Weg | B19: W22 Premium | C19: ='Respostas ao formulário 1'!U97 -> 40CV | D19: ='Respostas ao formulário 1'!V97 -> 220V | E19: ='Respostas ao formulário 1'!W97 -> 99.2 | F19: ='Respostas ao formulário 1'!X97 -> 1775 | G19: ='Respostas ao formulário 1'!Y97 -> 1.25 | H19: ='Respostas ao formulário 1'!Z97 -> Driver 1
A20: Fabricante | B20: Carcaça | C20: Potência | D20: Tensão | E20: Corrente | F20: RPM | G20: FS | H20: Acionamento
A21: Weg | B21: W22 Premium | C21: ='Respostas ao formulário 1'!AA97 -> 40CV | D21: ='Respostas ao formulário 1'!AB97 -> 220V | E21: ='Respostas ao formulário 1'!AC97 -> 99.2A | F21: ='Respostas ao formulário 1'!AD97 -> 1775 | G21: ='Respostas ao formulário 1'!AE97 -> 1.25 | H21: ='Respostas ao formulário 1'!AF97 -> Driver 1
A23: Sensores
A24: Sucção | B24: Recalque | C24: Modelo Vazão
A25: ='Respostas ao formulário 1'!AU97 -> 0 | B25: ='Respostas ao formulário 1'!AV97 -> Zurich - 0 a 100 MCA | C25: ='Respostas ao formulário 1'!BA97 -> MAG 5000

Sheet ETE União Indústria TP
B1: Dados dos Equipamentos Local: ETE União Indústria TP Tipo: ETE - Estação de Tratamento de Esgoto
A5: Dados Telemetria
A6: Comunicação | B6: ='Respostas ao formulário 1'!E77 -> Modem ABS
A7: Redundância | B7: ='Respostas ao formulário 1'!F77 -> Sem Redundância
A8: Marca da Fonte | B8: ='Respostas ao formulário 1'!J77 -> Conexel
A9: DPS
A11: Dados Inversor
A12: Acionamento | B12: ='Respostas ao formulário 1'!L77 -> 0 | C12: Fusível | D12: ='Respostas ao formulário 1'!H77 -> 0
A13: Driver 1 | B13: ='Respostas ao formulário 1'!M77 -> 0 | C13: Driver 2 | D13: ='Respostas ao formulário 1'!O77 -> 0
A14: Serial | B14: ='Respostas ao formulário 1'!N77 -> 0 | C14: Serial | D14: ='Respostas ao formulário 1'!P77 -> 0
A16: Dados Motores
A17: Potência | B17: Tensão | C17: Corrente | D17: RPM | E17: FS | F17: Acionamento
A18: ='Respostas ao formulário 1'!U77 -> 0 | B18: ='Respostas ao formulário 1'!V77 -> 0 | C18: ='Respostas ao formulário 1'!W77 -> 0 | D18: ='Respostas ao formulário 1'!X77 -> 0 | E18: ='Respostas ao formulário 1'!Y77 -> 0 | F18: ='Respostas ao formulário 1'!Z77 -> 0
A20: Dados Nível
A21: Tipo de Sensor | B21: ='Respostas ao formulário 1'!BZ77 -> Ultrassônico Nivelco - 0 a 5 m

Sheet ETE União Indústria DES
B1: Dados dos Equipamentos Local: ETE União Indústria DES Tipo: ETE - Estação de Tratamento de Esgoto
A5: Dados Telemetria
A6: Comunicação | B6: ='Respostas ao formulário 1'!E220 -> Rádio
A7: Redundância | B7: ='Respostas ao formulário 1'!F220 -> Fibra Ótica
A8: Marca da Fonte | B8: ='Respostas ao formulário 1'!J220 -> Weg
A9: DPS | B9: ='Respostas ao formulário 1'!G220 -> 0
A11: Dados Inversor
A12: Acionamento | B12: ='Respostas ao formulário 1'!L220 -> 220V | C12: Fusível | D12: ='Respostas ao formulário 1'!H220 -> 0
A13: Driver 1 | B13: ='Respostas ao formulário 1'!M220 -> CFW110070T2OFAZ | C13: Driver 2 | D13: ='Respostas ao formulário 1'!O220 -> 0 | E13: Driver 3 | F13: ='Respostas ao formulário 1'!Q220 -> 0 | G13: Driver 4 | H13: ='Respostas ao formulário 1'!S220 -> 0
A14: Serial | B14: ='Respostas ao formulário 1'!N220 -> 1051643051 | C14: Serial | D14: ='Respostas ao formulário 1'!P220 -> 0 | E14: Serial | G14: Serial
A16: Dados Motores
A17: Potência | B17: Tensão | C17: Corrente | D17: RPM | E17: FS | F17: Acionamento
A18: ='Respostas ao formulário 1'!U220 -> 2CV | B18: ='Respostas ao formulário 1'!V220 -> 220V | C18: ='Respostas ao formulário 1'!W220 -> 5.42A | D18: ='Respostas ao formulário 1'!X220 -> 3460 | E18: ='Respostas ao formulário 1'!Y220 -> 1.2 | F18: ='Respostas ao formulário 1'!Z220 -> Driver 1
A19: Potência | B19: Tensão | C19: Corrente | D19: RPM | E19: FS | F19: Acionamento
A20: ='Respostas ao formulário 1'!AA220 -> 2CV | B20: ='Respostas ao formulário 1'!AB220 -> 220V | C20: ='Respostas ao formulário 1'!AC220 -> 5.42A | D20: ='Respostas ao formulário 1'!AD220 -> 3460 | E20: ='Respostas ao formulário 1'!AE220 -> 44958 | F20: ='Respostas ao formulário 1'!AF220 -> Driver 1
A21: Potência | B21: Tensão | C21: Corrente | D21: RPM | E21: FS | F21: Acionamento
A22: ='Respostas ao formulário 1'!AG220 -> 0 | B22: ='Respostas ao formulário 1'!AH220 -> 0 | C22: ='Respostas ao formulário 1'!AI220 -> 0 | D22: ='Respostas ao formulário 1'!AJ220 -> 0 | E22: ='Respostas ao formulário 1'!AK220 -> 0 | F22: ='Respostas ao formulário 1'!AL220 -> 0
A24: Vazão
A25: Modelo Vazão 1 | B25: Modelo Vazão 2
A26: ='Respostas ao formulário 1'!BA220 -> 0 | B26: ='Respostas ao formulário 1'!BJ220 -> 0
A28: Dados Nível
A29: Tipo de Sensor | B29: ='Respostas ao formulário 1'!BZ220 -> 0

Sheet Castelo Branco Válvula
B1: Dados dos Equipamentos Local: ETA Castelo Branco - Válvula Tipo: ETA - Estação de Tratamento de Água
A5: Dados Telemetria
A6: Comunicação | B6: ='Respostas ao formulário 1'!E215 -> Modem ABS
A7: Redundância | B7: ='Respostas ao formulário 1'!F215 -> Sem Redundância
A8: Marca da Fonte | B8: ='Respostas ao formulário 1'!J215 -> Weg
A9: DPS | B9: ='Respostas ao formulário 1'!G215 -> 0
A10: Acionamento | B10: West
A11: Fusível | B11: ='Respostas ao formulário 1'!H215 -> 0
A13: Dados Motores
A14: Potência | B14: Tensão | C14: Corrente | D14: RPM | E14: FS | F14: Acionamento
A15: ='Respostas ao formulário 1'!U215 -> 12.5CV | B15: ='Respostas ao formulário 1'!V215 -> 220V | C15: ='Respostas ao formulário 1'!W215 -> 32A | D15: ='Respostas ao formulário 1'!X215 -> 1760 | E15: ='Respostas ao formulário 1'!Y215 -> 1.15 | F15: ='Respostas ao formulário 1'!Z215 -> Driver 1
A17: Sensores
A18: Nível | B18: Modelo Vazão
A19: ='Respostas ao formulário 1'!BZ215 -> 0 | B19: ='Respostas ao formulário 1'!BA215 -> 0

Sheet ETA Castelo Branco
B1: Dados dos Equipamentos Local: ETA Castelo Branco Tipo: ETA - Estação de Tratamento de Água
A5: Dados Telemetria
A6: Comunicação | B6: ='Respostas ao formulário 1'!E216 -> 0
A7: Redundância | B7: ='Respostas ao formulário 1'!F216 -> Fibra Ótica
A8: Marca da Fonte | B8: ='Respostas ao formulário 1'!J216 -> Weg
A9: DPS | B9: ='Respostas ao formulário 1'!G216 -> Lupa
A11: Dados Inversor
A12: Acionamento | B12: ='Respostas ao formulário 1'!L216 -> 0
A13: Fusível | B13: ='Respostas ao formulário 1'!H216 -> NH00 63A 690V
A14: Driver 1 | B14: ='Respostas ao formulário 1'!M216 -> 0
A15: Serial | B15: ='Respostas ao formulário 1'!N216 -> 0
A17: Dados Motores
A18: Potência | B18: Tensão | C18: Corrente | D18: RPM | E18: FS | F18: Acionamento
A19: ='Respostas ao formulário 1'!U216 -> 0 | B19: ='Respostas ao formulário 1'!V216 -> 0 | C19: ='Respostas ao formulário 1'!W216 -> 0 | D19: ='Respostas ao formulário 1'!X216 -> 0 | E19: ='Respostas ao formulário 1'!Y216 -> 0 | F19: ='Respostas ao formulário 1'!Z216 -> 0
A20: Potência | B20: Tensão | C20: Corrente | D20: RPM | E20: FS | F20: Acionamento
A21: ='Respostas ao formulário 1'!AA216 -> 0 | B21: ='Respostas ao formulário 1'!AB216 -> 0 | C21: ='Respostas ao formulário 1'!AC216 -> 0 | D21: ='Respostas ao formulário 1'!AD216 -> 0 | E21: ='Respostas ao formulário 1'!AE216 -> 0 | F21: ='Respostas ao formulário 1'!AF216 -> 0
A23: ='Respostas ao formulário 1'!CD216 -> Bomba dosadora: 0,07kW / 230V 2 sensores hidroestáticos

Sheet Granjas JP
B1: Dados dos Equipamentos Local: Granjas Represa João Penido Tipo: Reservatório
A5: Dados Telemetria
A6: Comunicação | B6: ='Respostas ao formulário 1'!E219 -> Modem ABS
A7: Redundância | B7: ='Respostas ao formulário 1'!F219 -> Sem Redundância
A8: Marca da Fonte | B8: ='Respostas ao formulário 1'!J219 -> 0
A9: DPS | B9: ='Respostas ao formulário 1'!G219 -> 0
A11: Dados Inversor
A12: Acionamento | B12: ='Respostas ao formulário 1'!L219 -> 220V
A13: Fusível | B13: ='Respostas ao formulário 1'!H219 -> 0
A14: Driver 1 | B14: ='Respostas ao formulário 1'!I219 -> 0
A15: Serial
A17: Dados Motores
A18: Potência | B18: Tensão | C18: Corrente | D18: RPM | E18: FS | F18: Acionamento
A19: ='Respostas ao formulário 1'!U219 -> 5CV | B19: ='Respostas ao formulário 1'!V219 -> 220V | C19: ='Respostas ao formulário 1'!W219 -> 12.7A | D19: ='Respostas ao formulário 1'!X219 -> 3500 | E19: ='Respostas ao formulário 1'!Y219 -> 1.15 | F19: ='Respostas ao formulário 1'!Z219 -> Driver 1
A21: Sensores
A22: Sucção | B22: Recalque | C22: Modelo Vazão
A23: ='Respostas ao formulário 1'!AU219 -> Zurich - 0 a 100 MCA | B23: ='Respostas ao formulário 1'!AV219 -> 0
A25: Dados Nível
A26: Tipo de Sensor | B26: ='Respostas ao formulário 1'!BZ219 -> 0

Sheet Captação Flutuante JP
B1: Dados dos Equipamentos Local: Captação Flutuante João Penido Tipo: Elevatória de Água
A5: Dados Telemetria
A6: Comunicação | B6: ='Respostas ao formulário 1'!E218 -> Modem ABS
A7: Redundância | B7: ='Respostas ao formulário 1'!F218 -> Sem Redundância
A8: Marca da Fonte | B8: ='Respostas ao formulário 1'!J218 -> Weg
A9: DPS | B9: ='Respostas ao formulário 1'!G218 -> Clamper
A11: Dados Inversor
A12: Acionamento | B12: ='Respostas ao formulário 1'!L218 -> 0 | C12: Fusível | D12: ='Respostas ao formulário 1'!H218 -> 0
A13: Driver 1 | B13: ='Respostas ao formulário 1'!M218 -> 0 | C13: Driver 2 | D13: ='Respostas ao formulário 1'!O218 -> 0
A14: Serial | B14: ='Respostas ao formulário 1'!N218 -> 0 | C14: Serial | D14: ='Respostas ao formulário 1'!P218 -> 0
A15: Driver 3 | B15: ='Respostas ao formulário 1'!Q218 -> 0 | C15: Driver 4 | D15: ='Respostas ao formulário 1'!S218 -> 0
A16: Serial | B16: ='Respostas ao formulário 1'!R218 -> 0 | C16: Serial | D16: ='Respostas ao formulário 1'!T218 -> 0
A18: Dados Motores
A19: Potência | B19: Tensão | C19: Corrente | D19: RPM | E19: FS | F19: Acionamento
A20: ='Respostas ao formulário 1'!U218 -> 0 | B20: ='Respostas ao formulário 1'!V218 -> 0 | C20: ='Respostas ao formulário 1'!W218 -> 0 | D20: ='Respostas ao formulário 1'!X218 -> 0 | E20: ='Respostas ao formulário 1'!Y218 -> 0 | F20: ='Respostas ao formulário 1'!Z218 -> 0
A21: Potência | B21: Tensão | C21: Corrente | D21: RPM | E21: FS | F21: Acionamento
A22: ='Respostas ao formulário 1'!AA218 -> 0 | B22: ='Respostas ao formulário 1'!AB218 -> 0 | C22: ='Respostas ao formulário 1'!AC218 -> 0 | D22: ='Respostas ao formulário 1'!AD218 -> 0 | E22: ='Respostas ao formulário 1'!AE218 -> 0 | F22: ='Respostas ao formulário 1'!AF218 -> 0
A23: Potência | B23: Tensão | C23: Corrente | D23: RPM | E23: FS | F23: Acionamento
A24: ='Respostas ao formulário 1'!AG218 -> 0 | B24: ='Respostas ao formulário 1'!AH218 -> 0 | C24: ='Respostas ao formulário 1'!AI218 -> 0 | D24: ='Respostas ao formulário 1'!AJ218 -> 0 | E24: ='Respostas ao formulário 1'!AK218 -> 0 | F24: ='Respostas ao formulário 1'!AL218 -> 0
A26: Dados Nível
A27: Tipo de Sensor | B27: ='Respostas ao formulário 1'!BZ218 -> 0

Sheet Caixa de Partida JP
B1: Dados dos Equipamentos Local: Caixa de Partida João Penido Tipo: ETA - Estação de Tratamento de Água
A5: Dados Telemetria
A6: Comunicação | B6: ='Respostas ao formulário 1'!E217 -> Rádio
A7: Redundância | B7: ='Respostas ao formulário 1'!F217 -> Sem Redundância
A8: Marca da Fonte | B8: ='Respostas ao formulário 1'!J217 -> 0
A9: DPS | B9: ='Respostas ao formulário 1'!G217 -> 0
A11: Dados Inversor
A12: Acionamento | B12: ='Respostas ao formulário 1'!L217 -> 0
A13: Fusível | B13: ='Respostas ao formulário 1'!H217 -> 0
A14: Driver 1 | B14: ='Respostas ao formulário 1'!M217 -> 0
A15: Serial | B15: ='Respostas ao formulário 1'!N217 -> 0
A17: Dados Motores
A18: Potência | B18: Tensão | C18: Corrente | D18: RPM | E18: FS | F18: Acionamento
A19: ='Respostas ao formulário 1'!U217 -> 0 | B19: ='Respostas ao formulário 1'!V217 -> 0 | C19: ='Respostas ao formulário 1'!W217 -> 0 | D19: ='Respostas ao formulário 1'!X217 -> 0 | E19: ='Respostas ao formulário 1'!Y217 -> 0 | F19: ='Respostas ao formulário 1'!Z217 -> 0
A20: Potência | B20: Tensão | C20: Corrente | D20: RPM | E20: FS | F20: Acionamento
A21: ='Respostas ao formulário 1'!AA217 -> 0 | B21: ='Respostas ao formulário 1'!AB217 -> 0 | C21: ='Respostas ao formulário 1'!AC217 -> 0 | D21: ='Respostas ao formulário 1'!AD217 -> 0 | E21: ='Respostas ao formulário 1'!AE217 -> 0 | F21: ='Respostas ao formulário 1'!AF217 -> 0
A23: Dados Caixa de Partida
A24: Tipo de Sensor | B24: ='Respostas ao formulário 1'!BZ217 -> Ultrassônico Nivelco - 0 a 5 m

Sheet Fazendinhas Valadres (Reservató
B1: Dados dos Equipamentos Local: Fazendinha Valadades Tipo: Reservatório
A5: Dados Telemetria
A6: Comunicação | B6: ='Respostas ao formulário 1'!E197 -> Modem ABS
A7: Redundância | B7: ='Respostas ao formulário 1'!F197 -> Sem Redundância
A8: Alimentação | B8: ='Respostas ao formulário 1'!B197 -> 127V
A9: DPS | B9: ='Respostas ao formulário 1'!G197 -> Clamper
A11: Dados do Reservatório
A12: Tipo de Sensor | B12: ='Respostas ao formulário 1'!BZ197 -> Ultrassônico Nivelco - 0 a 5 m
A13: Fusível | B13: ='Respostas ao formulário 1'!H197 -> 0
A15: Dimensões
A16: Altura Total (m)
A18: Altura do 0% (4mA) (m)
A19: 0
A20: Altura do 100% (20mA) (m)

Sheet Fazendinhas Valadares
B1: Dados dos Equipamentos Local: Fazendinhas Valadares Tipo: ETA - Estação de Tratamento de Água
A5: Dados Telemetria
A6: Comunicação | B6: ='Respostas ao formulário 1'!E78 -> Modem LUPA
A7: Redundância | B7: ='Respostas ao formulário 1'!F78 -> Sem Redundância
A8: Marca da Fonte | B8: ='Respostas ao formulário 1'!J78 -> Conexel
A9: DPS | B9: ='Respostas ao formulário 1'!G78 -> Lupa
A11: Dados Inversor
A12: Acionamento | B12: ='Respostas ao formulário 1'!L78 -> 220V | C12: Fusível | D12: ='Respostas ao formulário 1'!H78 -> NH00 125A 500V
A13: Driver 1 | B13: ='Respostas ao formulário 1'!M78 -> CFW110070T2OFAZ | C13: Driver 1 | D13: ='Respostas ao formulário 1'!O78 -> SSW04 Soft Starter
A14: Serial | B14: ='Respostas ao formulário 1'!N78 -> 1053261937 | C14: Serial | D14: ='Respostas ao formulário 1'!P78 -> 195928
A16: Dados Motores
A17: Fabricante | B17: Carcaça | C17: Potência | D17: Tensão | E17: Corrente | F17: RPM | G17: FS | H17: Acionamento
C18: ='Respostas ao formulário 1'!U78 -> 20CV | D18: ='Respostas ao formulário 1'!V78 -> 220V | E18: ='Respostas ao formulário 1'!W78 -> 50.3A | F18: ='Respostas ao formulário 1'!X78 -> 3540 | G18: ='Respostas ao formulário 1'!Y78 -> 1.15 | H18: ='Respostas ao formulário 1'!Z78 -> Driver 1
A20: Sensores
A21: Sucção | B21: Recalque | C21: Modelo Vazão
B22: ='Respostas ao formulário 1'!AV78 -> Zurich - 0 a 100 MCA | C22: ='Respostas ao formulário 1'!BA78 -> 0

Sheet Chapeu DUvas
B1: Dados dos Equipamentos Local: Chapéu D'Uvas Tipo: Elevatória de Água
A5: Dados Telemetria
A6: Comunicação | B6: ='Respostas ao formulário 1'!E47 -> Modem ABS
A7: Redundância | B7: ='Respostas ao formulário 1'!F47 -> Sem Redundância
A8: Marca da Fonte | B8: ='Respostas ao formulário 1'!J47 -> Weidmuller
A9: DPS | B9: ='Respostas ao formulário 1'!G47 -> 0
A11: Dados Inversor
A12: Acionamento | B12: ='Respostas ao formulário 1'!L47 -> 220V | C12: Fusível | D12: ='Respostas ao formulário 1'!H47 -> NH 000 50A 500V
A13: Driver 1 | B13: ='Respostas ao formulário 1'!M47 -> CFW110033T2SZ | C13: Driver 2 | D13: ='Respostas ao formulário 1'!O47 -> 0
A14: Serial | B14: ='Respostas ao formulário 1'!N47 -> 1026565604 | C14: Serial | D14: ='Respostas ao formulário 1'!P47 -> 0
A15: Driver 3 | B15: ='Respostas ao formulário 1'!Q47 -> 0
A16: Serial | B16: ='Respostas ao formulário 1'!R47 -> 0
A18: Dados Motores
A19: Potência | B19: Tensão | C19: Corrente | D19: RPM | E19: FS | F19: Acionamento
A20: ='Respostas ao formulário 1'!U47 -> 12.5CV | B20: ='Respostas ao formulário 1'!V47 -> 220V | C20: ='Respostas ao formulário 1'!W47 -> 33A | D20: ='Respostas ao formulário 1'!X47 -> 3485 | E20: ='Respostas ao formulário 1'!Y47 -> 1 | F20: ='Respostas ao formulário 1'!Z47 -> Driver 1
A21: Potência | B21: Tensão | C21: Corrente | D21: RPM | E21: FS | F21: Acionamento
A22: ='Respostas ao formulário 1'!AA47 -> 12.5CV | B22: ='Respostas ao formulário 1'!AB47 -> 220V | C22: ='Respostas ao formulário 1'!AC47 -> 30A | D22: ='Respostas ao formulário 1'!AD47 -> 3510 | E22: ='Respostas ao formulário 1'!AE47 -> 1.15 | F22: ='Respostas ao formulário 1'!AF47 -> Driver 1
A23: Potência | B23: Tensão | C23: Corrente | D23: RPM | E23: FS | F23: Acionamento
A24: ='Respostas ao formulário 1'!AG47 -> 0 | B24: ='Respostas ao formulário 1'!AH47 -> 0 | C24: ='Respostas ao formulário 1'!AI47 -> 0 | D24: ='Respostas ao formulário 1'!AJ47 -> 0 | E24: ='Respostas ao formulário 1'!AK47 -> 0 | F24: ='Respostas ao formulário 1'!AL47 -> 0
A26: Sensores
A27: Stand Pipe | B27: Recalque | C27: Modelo Vazão
A28: ='Respostas ao formulário 1'!AU47 -> Zurich - 0 a 70 MCA | B28: ='Respostas ao formulário 1'!AV47 -> Zurich - 0 a 200 MCA | C28: ='Respostas ao formulário 1'!BA47 -> 0
A30: Dados do Reservatório
A31: Tipo de Sensor | B31: ='Respostas ao formulário 1'!BZ47 -> 0
A32: Sensor | B32: Zurick - 0 a 70 mca

Sheet EE Terra Nostra
B1: Dados dos Equipamentos Local: EE Terra Nostra Tipo: Elevatória de Esgoto
A5: Dados Telemetria
A6: Comunicação | B6: ='Respostas ao formulário 1'!E191 -> Modem ABS
A7: Redundância | B7: ='Respostas ao formulário 1'!F191 -> Sem Redundância
A8: Marca da Fonte | B8: ='Respostas ao formulário 1'!J191 -> Conexel
A9: DPS | B9: ='Respostas ao formulário 1'!G191 -> 0
A11: Dados Inversor
A12: Acionamento | B12: ='Respostas ao formulário 1'!L191 -> 220V
A13: Fusível | B13: ='Respostas ao formulário 1'!M191 -> CFW110024T2OFAZ
A14: Driver 1 | B14: ='Respostas ao formulário 1'!N191 -> 1040697341
A17: Dados do Reservatório
A18: Tipo de Sensor | B18: ='Respostas ao formulário 1'!BZ191 -> 0
A20: Dimensões
A21: Altura Total (m)
A22: 2.35
A23: Altura do 0% (4mA) (m)
A24: 0
A25: Altura do 100% (20mA) (m)
A26: 0.8

Sheet EE Vila Ideal
B1: Dados dos Equipamentos Local: EE Vila Ideal Tipo: Elevatória de Esgoto
A5: Dados Telemetria
A6: Comunicação | B6: ='Respostas ao formulário 1'!E63 -> Modem ABS
A7: Redundância | B7: ='Respostas ao formulário 1'!F63 -> Sem Redundância
A8: Marca da Fonte | B8: ='Respostas ao formulário 1'!J63 -> LR Informática
A9: DPS | B9: ='Respostas ao formulário 1'!G63 -> 0
A11: Dados Inversor
A12: Acionamento | B12: ='Respostas ao formulário 1'!L63 -> 220V | C12: Fusível | D12: ='Respostas ao formulário 1'!J62 -> Weg
A13: Driver 1 | B13: ='Respostas ao formulário 1'!M63 -> CFW110142T2SZ | C13: Driver 2 | D13: ='Respostas ao formulário 1'!O63 -> 0
A14: Serial | B14: ='Respostas ao formulário 1'!N63 -> 1022079836 | C14: Serial | D14: ='Respostas ao formulário 1'!P63 -> 0
A15: Driver 3 | B15: ='Respostas ao formulário 1'!Q63 -> 0 | C15: Driver 4 | D15: ='Respostas ao formulário 1'!S63 -> 0
A16: Serial | B16: ='Respostas ao formulário 1'!R63 -> 0 | C16: Serial | D16: ='Respostas ao formulário 1'!T63 -> 0
A19: Dados do Reservatório
A20: Tipo de Sensor | B20: ='Respostas ao formulário 1'!BZ63 -> 0
A21: Vazão | B21: ='Respostas ao formulário 1'!BA63 -> MV110
A23: Dimensões
A24: Altura Total (m)
A26: Altura do 0% (4mA) (m)
A27: 0
A28: Altura do 100% (20mA) (m)

Sheet EE Nova Califórnia
B1: Dados dos Equipamentos Local: EE Nova Califórnia Tipo: Elevatória de Esgoto
A5: Dados Telemetria
A6: Comunicação | B6: ='Respostas ao formulário 1'!E62 -> Modem ABS
A7: Redundância | B7: ='Respostas ao formulário 1'!F62 -> Sem Redundância
A8: Marca da Fonte | B8: ='Respostas ao formulário 1'!J62 -> Weg
A9: DPS | B9: ='Respostas ao formulário 1'!G62 -> Clamper
A11: Dados Inversor
A12: Acionamento | B12: ='Respostas ao formulário 1'!L62 -> 0
A13: Fusível | B13: ='Respostas ao formulário 1'!M62 -> 0
A14: Driver 1 | B14: ='Respostas ao formulário 1'!N62 -> 0
A16: Dados Motores
A17: Potência | B17: Tensão | C17: Corrente | D17: RPM | E17: FS | F17: Acionamento
A18: ='Respostas ao formulário 1'!U62 -> 0 | B18: ='Respostas ao formulário 1'!V62 -> 0 | C18: ='Respostas ao formulário 1'!W62 -> 0 | D18: ='Respostas ao formulário 1'!X62 -> 0 | E18: ='Respostas ao formulário 1'!Y62 -> 0 | F18: ='Respostas ao formulário 1'!Z62 -> 0
A19: Potência | B19: Tensão | C19: Corrente | D19: RPM | E19: FS | F19: Acionamento
A20: ='Respostas ao formulário 1'!AA62 -> 0 | B20: ='Respostas ao formulário 1'!AB62 -> 0 | C20: ='Respostas ao formulário 1'!AC62 -> 0 | D20: ='Respostas ao formulário 1'!AD62 -> 0 | E20: ='Respostas ao formulário 1'!AE62 -> 0 | F20: ='Respostas ao formulário 1'!AF62 -> 0
A22: Dados do Reservatório
A23: Tipo de Sensor | B23: ='Respostas ao formulário 1'!BZ62 -> 0
A25: Dimensões
A26: Altura Total (m)
A28: Altura do 0% (4mA) (m)
A29: 0
A30: Altura do 100% (20mA) (m)

Sheet EE Independência
B1: Dados dos Equipamentos Local: EE Independência Tipo: Elevatória de Esgoto
A5: Dados Telemetria
A6: Comunicação | B6: ='Respostas ao formulário 1'!E61 -> Modem ABS
A7: Redundância | B7: ='Respostas ao formulário 1'!F61 -> Sem Redundância
A8: Marca da Fonte | B8: ='Respostas ao formulário 1'!J61 -> Weg
A9: DPS | B9: ='Respostas ao formulário 1'!G61 -> Clamper
A11: Dados Inversor
A12: Acionamento | B12: ='Respostas ao formulário 1'!L61 -> 220V | C12: Fusível
A13: Driver 1 | B13: ='Respostas ao formulário 1'!M61 -> CFW08220T2024PSZ | C13: Driver 2 | D13: ='Respostas ao formulário 1'!O61 -> 0
A14: Serial | B14: ='Respostas ao formulário 1'!N61 -> MC3595 | C14: Serial | D14: ='Respostas ao formulário 1'!P61 -> 0
A15: Driver 3 | B15: ='Respostas ao formulário 1'!Q61 -> 0 | C15: Driver 4 | D15: ='Respostas ao formulário 1'!S61 -> 0
A16: Serial | B16: ='Respostas ao formulário 1'!R61 -> 0 | C16: Serial | D16: ='Respostas ao formulário 1'!T61 -> 0
A17: Conjunto 220V CFW110054T2SZ 1006573161
A19: Dados do Reservatório
A20: Tipo de Sensor | B20: ='Respostas ao formulário 1'!BZ61 -> 0
A22: Dimensões
A23: Altura Total (m)
A24: 9.37
A25: Altura do 0% (4mA) (m)
A26: 0
A27: Altura do 100% (20mA) (m)
A28: 9.3

Sheet EE 5 Benfica
B1: Dados dos Equipamentos Local: EE 5 - Benfica Tipo: Elevatória de Esgoto
A5: Dados Telemetria
A6: Comunicação | B6: ='Respostas ao formulário 1'!E60 -> 0
A7: Redundância | B7: ='Respostas ao formulário 1'!F60 -> Sem Redundância
A8: Marca da Fonte | B8: ='Respostas ao formulário 1'!J60 -> 0
A9: DPS | B9: ='Respostas ao formulário 1'!G60 -> 0
A11: Dados Inversor
A12: Acionamento | B12: ='Respostas ao formulário 1'!L60 -> 0
A13: Fusível | B13: ='Respostas ao formulário 1'!H60 -> 0
A14: Driver 1 | B14: ='Respostas ao formulário 1'!M60 -> Compensador
A16: Dados Motores
A17: Potência | B17: Tensão | C17: Corrente | D17: RPM | E17: FS | F17: Acionamento
A18: ='Respostas ao formulário 1'!U60 -> 1.5CV | B18: ='Respostas ao formulário 1'!V60 -> 220V | C18: ='Respostas ao formulário 1'!W60 -> 4.02A | D18: ='Respostas ao formulário 1'!X60 -> 3460 | E18: ='Respostas ao formulário 1'!Y60 -> 44986 | F18: ='Respostas ao formulário 1'!Z60 -> Driver 1
A20: Dados do Reservatório
A21: Tipo de Sensor | B21: ='Respostas ao formulário 1'!BZ60 -> 0
A23: Dimensões
A24: Altura Total (m)
A25: 5.88
A26: Altura do 0% (4mA) (m)
A27: 0
A28: Altura do 100% (20mA) (m)
A29: 2.25

Sheet EE 3 Nova Era
B1: Dados dos Equipamentos Local: EE 3 - Nova era Tipo: Elevatória de Esgoto
A5: Dados Telemetria
A6: Comunicação | B6: ='Respostas ao formulário 1'!E59 -> 0
A7: Redundância | B7: ='Respostas ao formulário 1'!F59 -> 0
A8: Marca da Fonte | B8: ='Respostas ao formulário 1'!J59 -> Weg
A9: DPS | B9: ='Respostas ao formulário 1'!G59 -> Lupa
A11: Dados Inversor
A12: Acionamento | B12: ='Respostas ao formulário 1'!L59 -> 0
A13: Fusível | B13: ='Respostas ao formulário 1'!H59 -> 0
A14: Driver 1 | B14: ='Respostas ao formulário 1'!M59 -> 0
A15: Serial | B15: ='Respostas ao formulário 1'!N59 -> 0
A17: Dados Motores
A18: Potência | B18: Tensão | C18: Corrente | D18: RPM | E18: FS | F18: Acionamento
A19: ='Respostas ao formulário 1'!U59 -> 0 | B19: ='Respostas ao formulário 1'!V59 -> 0 | C19: ='Respostas ao formulário 1'!W59 -> 0 | D19: ='Respostas ao formulário 1'!X59 -> 0 | E19: ='Respostas ao formulário 1'!Y59 -> 0 | F19: ='Respostas ao formulário 1'!Z59 -> 0
A21: Dados do Reservatório
A22: Tipo de Sensor | B22: ='Respostas ao formulário 1'!BZ59 -> Hidroestático
A24: Dimensões
A25: Altura Total (m)
A26: 3.16
A27: Altura do 0% (4mA) (m)
A28: 0
A29: Altura do 100% (20mA) (m)
A30: 2.3

Sheet EE 2 GAC
B1: Dados dos Equipamentos Local: EE 2 - GAC Tipo: Elevatória de Esgoto
A5: Dados Telemetria
A6: Comunicação | B6: ='Respostas ao formulário 1'!E64 -> Modem LUPA
A7: Redundância | B7: ='Respostas ao formulário 1'!F64 -> Sem Redundância
A8: Marca da Fonte | B8: ='Respostas ao formulário 1'!J64 -> Conexel
A9: DPS | B9: ='Respostas ao formulário 1'!G64 -> Lupa
A11: Dados Inversor
A12: Acionamento | B12: ='Respostas ao formulário 1'!L64 -> 220V
A13: Fusível | B13: ='Respostas ao formulário 1'!H64 -> NH00 25A 500V
A14: Driver 1 | B14: ='Respostas ao formulário 1'!M64 -> 0
A15: Serial | B15: ='Respostas ao formulário 1'!N64 -> 0
A17: Dados Motores
A18: Potência | B18: Tensão | C18: Corrente | D18: RPM | E18: FS | F18: Acionamento
A19: ='Respostas ao formulário 1'!U64 -> 7.5CV | B19: ='Respostas ao formulário 1'!V64 -> 220V | C19: ='Respostas ao formulário 1'!W64 -> 19.2A | D19: ='Respostas ao formulário 1'!X64 -> 3500 | E19: ='Respostas ao formulário 1'!Y64 -> 1.15 | F19: ='Respostas ao formulário 1'!Z64 -> Driver 1
A20: Potência | B20: Tensão | C20: Corrente | D20: RPM | E20: FS | F20: Acionamento
A21: ='Respostas ao formulário 1'!AA64 -> 7.5CV | B21: ='Respostas ao formulário 1'!AB64 -> 220V | C21: ='Respostas ao formulário 1'!AC64 -> 19.2A | D21: ='Respostas ao formulário 1'!AD64 -> 3500 | E21: ='Respostas ao formulário 1'!AE64 -> 1.15 | F21: ='Respostas ao formulário 1'!AF64 -> Driver 1
A23: Dados do Reservatório
A24: Tipo de Sensor | B24: ='Respostas ao formulário 1'!BZ64 -> 0
A26: Dimensões
A27: Altura Total (m)
A28: 4.3
A29: Altura do 0% (4mA) (m)
A30: 0
A31: Altura do 100% (20mA) (m)
A32: 1.8

Sheet EE 1 Barbosa Lage
B1: Dados dos Equipamentos Local: EE 1 - Barbosa Lage Tipo: Elevatória de Esgoto
A5: Dados Telemetria
A6: Comunicação | B6: ='Respostas ao formulário 1'!E64 -> Modem LUPA
A7: Redundância | B7: ='Respostas ao formulário 1'!F64 -> Sem Redundância
A8: Marca da Fonte | B8: ='Respostas ao formulário 1'!J64 -> Conexel
A9: DPS | B9: ='Respostas ao formulário 1'!G64 -> Lupa
A11: Dados Inversor
A12: Acionamento | B12: ='Respostas ao formulário 1'!L64 -> 220V
A13: Fusível | B13: ='Respostas ao formulário 1'!H64 -> NH00 25A 500V
A14: Driver 1 | B14: ='Respostas ao formulário 1'!M64 -> 0
A15: Serial | B15: ='Respostas ao formulário 1'!N64 -> 0
A17: Dados Motores
A18: Potência | B18: Tensão | C18: Corrente | D18: RPM | E18: FS | F18: Acionamento
A19: ='Respostas ao formulário 1'!U64 -> 7.5CV | B19: ='Respostas ao formulário 1'!V64 -> 220V | C19: ='Respostas ao formulário 1'!W64 -> 19.2A | D19: ='Respostas ao formulário 1'!X64 -> 3500 | E19: ='Respostas ao formulário 1'!Y64 -> 1.15 | F19: ='Respostas ao formulário 1'!Z64 -> Driver 1
A20: Potência | B20: Tensão | C20: Corrente | D20: RPM | E20: FS | F20: Acionamento
A21: ='Respostas ao formulário 1'!AA64 -> 7.5CV | B21: ='Respostas ao formulário 1'!AB64 -> 220V | C21: ='Respostas ao formulário 1'!AC64 -> 19.2A | D21: ='Respostas ao formulário 1'!AD64 -> 3500 | E21: ='Respostas ao formulário 1'!AE64 -> 1.15 | F21: ='Respostas ao formulário 1'!AF64 -> Driver 1
A23: Dados do Reservatório
A24: Tipo de Sensor | B24: ='Respostas ao formulário 1'!BZ64 -> 0
A26: Dimensões
A27: Altura Total (m)
A28: 4.37
A29: Altura do 0% (4mA) (m)
A30: 0
A31: Altura do 100% (20mA) (m)
A32: 2

Sheet Rosário de Minas II
B1: Dados dos Equipamentos Local: Rosário de Minas II Tipo: Poço Artesiano
A5: Dados Telemetria
A6: Comunicação | B6: ='Respostas ao formulário 1'!E160 -> Modem ABS
A7: Redundância | B7: ='Respostas ao formulário 1'!F160 -> Sem Redundância
A8: Marca da Fonte | B8: ='Respostas ao formulário 1'!J160 -> 0
A9: DPS | B9: ='Respostas ao formulário 1'!G160 -> 0
A11: Dados Acionamento
A12: Acionamento | B12: ='Respostas ao formulário 1'!C160 -> WLP
A13: Conversor | B13: ='Respostas ao formulário 1'!I160 -> 0
A14: Fusível | B14: ='Respostas ao formulário 1'!H160 -> NH00 40A 690V
A16: Dados Bomba Dosadora
A17: Potência | B17: 0,07 kW
A18: Tensão | B18: 230 V
A20: Sensores
A21: Sucção
A22: Recalque | B22: ='Respostas ao formulário 1'!AV160 -> Zurich - 0 a 100 MCA

Sheet Poço Paula Lima II
B1: Dados dos Equipamentos Local: Paula Lima Tipo: Poço Artesiano
A5: Dados Telemetria
A6: Comunicação | B6: ='Respostas ao formulário 1'!E136 -> Modem ABS
A7: Redundância | B7: ='Respostas ao formulário 1'!F136 -> Sem Redundância
A8: Marca da Fonte | B8: ='Respostas ao formulário 1'!J136 -> Weg
A9: DPS | B9: ='Respostas ao formulário 1'!G136 -> Lupa
A11: Dados Inversor
A12: Acionamento | B12: ='Respostas ao formulário 1'!L136 -> 200V
A13: Fusível | B13: ='Respostas ao formulário 1'!H136 -> 0
A14: Driver 1 | B14: ='Respostas ao formulário 1'!M136 -> CFW110007T2OFAZ
A15: Serial | B15: ='Respostas ao formulário 1'!N136 -> 1067389201
A17: Dados Bomba Dosadora
A18: Potência | B18: 0,07 kW
A19: Tensão | B19: 230 V
A21: Sensores
A22: Sucção
A23: Recalque | B23: ='Respostas ao formulário 1'!AV136 -> SAR - Janela

Sheet ETA Sarandira
B1: Dados dos Equipamentos Local: ETA Sarandira Tipo: ETA - Estação de Tratamento de Água
A5: Dados Telemetria
A6: Comunicação | B6: ='Respostas ao formulário 1'!E187 -> Modem LUPA
A7: Redundância | B7: ='Respostas ao formulário 1'!F187 -> Sem Redundância
A8: Marca da Fonte | B8: ='Respostas ao formulário 1'!J187 -> Weg
A9: DPS | B9: ='Respostas ao formulário 1'!G187 -> Clamper
A11: Dados Inversor
A12: Acionamento | B12: ='Respostas ao formulário 1'!L187 -> 0
A13: Fusível | B13: ='Respostas ao formulário 1'!H187 -> 0
A14: Driver 1 | B14: ='Respostas ao formulário 1'!M187 -> 0
A15: Serial | B15: ='Respostas ao formulário 1'!N187 -> 0
A17: Dados Motores
A18: Fabricante | B18: Carcaça | C18: Potência | D18: Tensão | E18: Corrente | F18: RPM | G18: FS | H18: Acionamento
C19: ='Respostas ao formulário 1'!U187 -> 0 | D19: ='Respostas ao formulário 1'!V187 -> 0 | E19: ='Respostas ao formulário 1'!W187 -> 0 | F19: ='Respostas ao formulário 1'!X187 -> 0 | G19: ='Respostas ao formulário 1'!Y187 -> 0 | H19: ='Respostas ao formulário 1'!Z187 -> 0
A20: Fabricante | B20: Carcaça | C20: Potência | D20: Tensão | E20: Corrente | F20: RPM | G20: FS | H20: Acionamento
C21: ='Respostas ao formulário 1'!AA187 -> 0 | D21: ='Respostas ao formulário 1'!AB187 -> 0 | E21: ='Respostas ao formulário 1'!AC187 -> 0 | F21: ='Respostas ao formulário 1'!AD187 -> 0 | G21: ='Respostas ao formulário 1'!AE187 -> 0 | H21: ='Respostas ao formulário 1'!AF187 -> 0
A22: Fabricante | B22: Carcaça | C22: Potência | D22: Tensão | E22: Corrente | F22: RPM | G22: FS | H22: Acionamento
C23: ='Respostas ao formulário 1'!AE187 -> 0 | D23: ='Respostas ao formulário 1'!AF187 -> 0 | E23: ='Respostas ao formulário 1'!AG187 -> 0 | F23: ='Respostas ao formulário 1'!AH187 -> 0 | G23: ='Respostas ao formulário 1'!AI187 -> 0 | H23: ='Respostas ao formulário 1'!AJ187 -> 0
A25: Sensores
A26: Sucção
A27: Recalque | B27: ='Respostas ao formulário 1'!AV187 -> 0

Sheet ETA São Pedro
B1: Dados dos Equipamentos Local: São Pedro Tipo: ETA - Estação de Tratamento de Água
A5: Dados Telemetria
A6: Comunicação | B6: ='Respostas ao formulário 1'!E76 -> Modem ABS
A7: Redundância | B7: ='Respostas ao formulário 1'!F76 -> Sem Redundância
A8: Marca da Fonte | B8: ='Respostas ao formulário 1'!J76 -> Conexel Power
A9: DPS | B9: ='Respostas ao formulário 1'!G76 -> Clamper
A11: Dados Inversor
A12: Acionamento | B12: ='Respostas ao formulário 1'!L76 -> 220V
A13: Fusível | B13: ='Respostas ao formulário 1'!H76 -> NH00 100A 690V
A14: Driver 1 | B14: ='Respostas ao formulário 1'!M76 -> CFW110070T2OFAZ
A15: Serial | B15: ='Respostas ao formulário 1'!N76 -> 1039443052
A17: Dados Motores
A18: Fabricante | B18: Carcaça | C18: Potência | D18: Tensão | E18: Corrente | F18: RPM | G18: FS | H18: Acionamento
C19: ='Respostas ao formulário 1'!U76 -> 20CV | D19: ='Respostas ao formulário 1'!V76 -> 220V | E19: ='Respostas ao formulário 1'!W76 -> 53,3A | F19: ='Respostas ao formulário 1'!X76 -> 1775 | G19: ='Respostas ao formulário 1'!Y76 -> 1.15 | H19: ='Respostas ao formulário 1'!Z76 -> Driver 1
A20: Fabricante | B20: Carcaça | C20: Potência | D20: Tensão | E20: Corrente | F20: RPM | G20: FS | H20: Acionamento
C21: ='Respostas ao formulário 1'!AA76 -> 20CV | D21: ='Respostas ao formulário 1'!AB76 -> 220V | E21: ='Respostas ao formulário 1'!AC76 -> 51,3A | F21: ='Respostas ao formulário 1'!AD76 -> 1775 | G21: ='Respostas ao formulário 1'!AE76 -> 1.25 | H21: ='Respostas ao formulário 1'!AF76 -> Driver 1
A23: Sensores
A24: Sucção | B24: Recalque | C24: Modelo Vazão
A25: ='Respostas ao formulário 1'!AU209 -> 0 | B25: ='Respostas ao formulário 1'!AV76 -> Pressgage - 0 a 100 MCA | C25: ='Respostas ao formulário 1'!BA76 -> MV110
A27: Dados Caixa de Partida
A28: Tipo de Sensor | B28: ='Respostas ao formulário 1'!BZ76 -> 0

Sheet Dias Tavares
B1: Dados dos Equipamentos Local: Dias Tavares Tipo: Poço Artesiano
A5: Dados Telemetria
A6: Comunicação | B6: ='Respostas ao formulário 1'!E57 -> 0
A7: Redundância | B7: ='Respostas ao formulário 1'!F57 -> Sem Redundância
A8: Marca da Fonte | B8: ='Respostas ao formulário 1'!J57 -> 0
A9: DPS | B9: ='Respostas ao formulário 1'!G57 -> 0
A11: Dados Inversor
A12: Acionamento | B12: ='Respostas ao formulário 1'!L57 -> 220V
A13: Fusível | B13: ='Respostas ao formulário 1'!H57 -> NH1 200A 500V
A14: Driver 1 | B14: ='Respostas ao formulário 1'!M57 -> CFW110070T2OFAZ
A15: Serial | B15: ='Respostas ao formulário 1'!N57 -> 1024479120
A17: Dados Bomba Dosadora
A18: Potência | B18: 0,07 kW
A19: Tensão | B19: 230 V
A21: Sensores
A22: Sucção | B22: ='Respostas ao formulário 1'!AU57 -> 0
A23: Recalque | B23: ='Respostas ao formulário 1'!AV57 -> Zurich - 0 a 200 MCA

Sheet RHN Válvula 1
B1: Dados dos Equipamentos Local: RHN Válvula 1 Tipo: Reservatório
A5: Dados Telemetria
A6: Comunicação | B6: ='Respostas ao formulário 1'!E158 -> Modem ABS
A7: Redundância | B7: ='Respostas ao formulário 1'!F158 -> Sem Redundância
A8: Marca da Fonte | B8: ='Respostas ao formulário 1'!J158 -> Conexel
A9: DPS | B9: ='Respostas ao formulário 1'!G158 -> Lupa
A11: Dados Motor
A12: Potência | B12: 0,5CV
A13: Tensão | B13: 220V
A14: Corrente | B14: 20A

Sheet Represa São Pedro
B1: Dados dos Equipamentos Local: Represa São Pedro Tipo: Reservatório com Elevatória
A5: Dados Telemetria
A6: Comunicação | B6: ='Respostas ao formulário 1'!E152 -> Modem ABS
A7: Redundância | B7: ='Respostas ao formulário 1'!F152 -> Sem Redundância
A8: Marca da Fonte | B8: ='Respostas ao formulário 1'!J152 -> Conexel Power
A9: DPS | B9: ='Respostas ao formulário 1'!G152 -> Lupa
A11: Dados do Reservatório
A12: Tipo de Sensor | B12: ='Respostas ao formulário 1'!BZ152 -> Ultrassônico Nivelco - 0 a 5 m
A14: Dimensões Reservatório
A15: Altura Total (m)
A16: 3.34
A17: Altura do 0% (4mA) (m)
A18: 0
A19: Altura do 100% (20mA) (m)
A20: 3.34

Sheet Zona B Zona A I
B1: Dados dos Equipamentos Local: Zona B/ Zona A I Tipo: Reservatório com Elevatória
A5: Dados Telemetria
A6: Comunicação | B6: ='Respostas ao formulário 1'!E208 -> Modem ABS
A7: Redundância | B7: ='Respostas ao formulário 1'!F208 -> Sem Redundância
A8: Marca da Fonte | B8: ='Respostas ao formulário 1'!J208 -> Weidmuller
A9: DPS | B9: ='Respostas ao formulário 1'!G208 -> 0
A11: Dados Inversor
A12: Acionamento | B12: ='Respostas ao formulário 1'!L208 -> 220V | C12: Fusível | D12: ='Respostas ao formulário 1'!H208 -> NH00 60A 690V
A13: Driver 1 | B13: ='Respostas ao formulário 1'!M208 -> CFW110054T2OFAZ | C13: Driver 2 | D13: ='Respostas ao formulário 1'!O208 -> 0
A14: Serial | B14: ='Respostas ao formulário 1'!N208 -> 1039442997 | C14: Serial | D14: ='Respostas ao formulário 1'!P208 -> 0
A16: Dados Motores
A17: Fabricante | B17: Carcaça | C17: Potência | D17: Tensão | E17: Corrente | F17: RPM | G17: FS | H17: Acionamento
C18: ='Respostas ao formulário 1'!U208 -> 20CV | D18: ='Respostas ao formulário 1'!V208 -> 220V | E18: ='Respostas ao formulário 1'!W208 -> 49.8A | F18: ='Respostas ao formulário 1'!X208 -> 3545 | G18: ='Respostas ao formulário 1'!Y208 -> 1.25 | H18: ='Respostas ao formulário 1'!Z208 -> Driver 1
A19: Fabricante | B19: Carcaça | C19: Potência | D19: Tensão | E19: Corrente | F19: RPM | G19: FS | H19: Acionamento
C20: ='Respostas ao formulário 1'!AA208 -> 0 | D20: ='Respostas ao formulário 1'!AB208 -> 0 | E20: ='Respostas ao formulário 1'!AC208 -> 0 | F20: ='Respostas ao formulário 1'!AD208 -> 0 | G20: ='Respostas ao formulário 1'!AE208 -> 0 | H20: ='Respostas ao formulário 1'!AF208 -> 0
A22: Sensores
A23: Sucção | B23: Recalque | C23: Modelo Vazão
A24: ='Respostas ao formulário 1'!AU208 -> Zurich - 0 a 70 MCA | B24: ='Respostas ao formulário 1'!AV208 -> Zurich - 0 a 200 MCA | C24: ='Respostas ao formulário 1'!BA208 -> MV110
A26: Dados do Reservatório
A27: Tipo de Sensor | B27: ='Respostas ao formulário 1'!BZ208 -> 0
A29: Dimensões Reservatório
A30: Altura Total (m)
A32: Altura do 0% (4mA) (m)
A33: 0
A34: Altura do 100% (20mA) (m)

Sheet São Lucas
B1: Dados dos Equipamentos Local: São Lucas Tipo: Reservatório com Elevatória
A5: Dados Telemetria
A6: Comunicação | B6: ='Respostas ao formulário 1'!E183 -> Rádio
A7: Redundância | B7: ='Respostas ao formulário 1'!F183 -> Sem Redundância
A8: Marca da Fonte | B8: ='Respostas ao formulário 1'!J183 -> Weg
A9: DPS | B9: ='Respostas ao formulário 1'!G183 -> Clamper
A11: Dados Inversor
A12: Acionamento | B12: ='Respostas ao formulário 1'!L183 -> 220V
A13: Fusível | B13: ='Respostas ao formulário 1'!H183 -> Weg FSW 160A 690V
A14: Driver 1 | B14: ='Respostas ao formulário 1'!M183 -> CFW110045T2OFAZ
A15: Serial | B15: ='Respostas ao formulário 1'!N183 -> 106921403
A17: Dados Motores
A18: Fabricante | B18: Carcaça | C18: Potência | D18: Tensão | E18: Corrente | F18: RPM | G18: FS | H18: Acionamento
C19: ='Respostas ao formulário 1'!U183 -> 12.5CV | D19: ='Respostas ao formulário 1'!V183 -> 220V | E19: ='Respostas ao formulário 1'!W183 -> 29.8A | F19: ='Respostas ao formulário 1'!X183 -> 3530 | G19: ='Respostas ao formulário 1'!Y183 -> 1.25 | H19: ='Respostas ao formulário 1'!Z183 -> Driver 1
A20: Fabricante | B20: Carcaça | C20: Potência | D20: Tensão | E20: Corrente | F20: RPM | G20: FS | H20: Acionamento
C21: ='Respostas ao formulário 1'!AA183 -> 12.5CV | D21: ='Respostas ao formulário 1'!AB183 -> 220V | E21: ='Respostas ao formulário 1'!AC183 -> 29.8A | F21: ='Respostas ao formulário 1'!AD183 -> 3530 | G21: ='Respostas ao formulário 1'!AE183 -> 1.25 | H21: ='Respostas ao formulário 1'!AF183 -> Driver 2
A23: Sensores
A24: Sucção | B24: Recalque | C24: Modelo Vazão
A25: ='Respostas ao formulário 1'!AU183 -> 0 a 70 MCA | B25: ='Respostas ao formulário 1'!AV183 -> 0 a 100 MCA | C25: ='Respostas ao formulário 1'!BA183 -> MV110
A27: Dados do Reservatório
A28: Tipo de Sensor | B28: ='Respostas ao formulário 1'!BZ183 -> 0
A30: Dimensões Reservatório
A31: Altura Total (m)
A32: 4.4
A33: Altura do 0% (4mA) (m)
A34: 0
A35: Altura do 100% (20mA) (m)
A36: 3.8

Sheet São Judas 3 São Judas 2
B1: Dados dos Equipamentos Local: São Judas 3/ São Judas 2 Tipo: Reservatório com Elevatória
A5: Dados Telemetria
A6: Comunicação | B6: ='Respostas ao formulário 1'!E182 -> Modem LUPA
A7: Redundância | B7: ='Respostas ao formulário 1'!F182 -> Sem Redundância
A8: Marca da Fonte | B8: ='Respostas ao formulário 1'!J182 -> LR Informática
A9: DPS | B9: ='Respostas ao formulário 1'!G182 -> Lupa
A11: Dados Inversor
A12: Acionamento | B12: ='Respostas ao formulário 1'!L182 -> 0
A13: Fusível | B13: ='Respostas ao formulário 1'!H182 -> 0
A14: Driver 1 | B14: ='Respostas ao formulário 1'!M182 -> 0
A15: Serial | B15: ='Respostas ao formulário 1'!N182 -> 0
A17: Dados Motores
A18: Fabricante | B18: Carcaça | C18: Potência | D18: Tensão | E18: Corrente | F18: RPM | G18: FS | H18: Acionamento
C19: ='Respostas ao formulário 1'!U182 -> 0 | D19: ='Respostas ao formulário 1'!V182 -> 0 | E19: ='Respostas ao formulário 1'!W182 -> 0 | F19: ='Respostas ao formulário 1'!X182 -> 0 | G19: ='Respostas ao formulário 1'!Y182 -> 0 | H19: ='Respostas ao formulário 1'!Z182 -> 0
A20: Fabricante | B20: Carcaça | C20: Potência | D20: Tensão | E20: Corrente | F20: RPM | G20: FS | H20: Acionamento
C21: ='Respostas ao formulário 1'!AA182 -> 0 | D21: ='Respostas ao formulário 1'!AB182 -> 0 | E21: ='Respostas ao formulário 1'!AC182 -> 0 | F21: ='Respostas ao formulário 1'!AD182 -> 0 | G21: ='Respostas ao formulário 1'!AE182 -> 0 | H21: ='Respostas ao formulário 1'!AF182 -> 0
A23: Sensores
A24: Sucção | B24: Recalque | C24: Modelo Vazão
B25: ='Respostas ao formulário 1'!AV182 -> Zurick - 0 a 100 MCA | C25: ='Respostas ao formulário 1'!BA182 -> Mag 5000
A27: Dados do Reservatório
A28: Tipo de Sensor | B28: ='Respostas ao formulário 1'!BZ182 -> 0
A30: Dimensões Reservatório
A31: Altura Total (m)
A33: Altura do 0% (4mA) (m)
A35: Altura do 100% (20mA) (m)

Sheet São Judas 2 São Judas 1
B1: Dados dos Equipamentos Local: São Judas 2/ São Judas 1 Tipo: Reservatório com Elevatória
A5: Dados Telemetria
A6: Comunicação | B6: ='Respostas ao formulário 1'!E181 -> Rádio
A7: Redundância | B7: ='Respostas ao formulário 1'!F181 -> Sem Redundância
A8: Marca da Fonte | B8: ='Respostas ao formulário 1'!J181 -> Weg
A9: DPS | B9: ='Respostas ao formulário 1'!G181 -> 0
A11: Dados Inversor
A12: Acionamento | B12: ='Respostas ao formulário 1'!L181 -> 0
A13: Fusível | B13: ='Respostas ao formulário 1'!H181 -> NH00 36A 500V
A14: Driver 1 | B14: ='Respostas ao formulário 1'!M181 -> 0
A15: Serial | B15: ='Respostas ao formulário 1'!N181 -> 0
A17: Dados Motores
A18: Fabricante | B18: Carcaça | C18: Potência | D18: Tensão | E18: Corrente | F18: RPM | G18: FS | H18: Acionamento
C19: ='Respostas ao formulário 1'!U181 -> 0 | D19: ='Respostas ao formulário 1'!V181 -> 0 | E19: ='Respostas ao formulário 1'!W181 -> 0 | F19: ='Respostas ao formulário 1'!X181 -> 0 | G19: ='Respostas ao formulário 1'!Y181 -> 0 | H19: ='Respostas ao formulário 1'!Z181 -> 0
A21: Sensores
A22: Sucção | B22: Recalque | C22: Modelo Vazão
A23: ='Respostas ao formulário 1'!AU181 -> 0 | B23: ='Respostas ao formulário 1'!AV181 -> Zurich - 0 a 200 MCA | C23: ='Respostas ao formulário 1'!BA181 -> 0
A25: Dados do Reservatório
A26: Tipo de Sensor | B26: ='Respostas ao formulário 1'!BZ181 -> 0
A28: Dimensões Reservatório
A29: Altura Total (m)
A31: Altura do 0% (4mA) (m)
A33: Altura do 100% (20mA) (m)

Sheet RHNCentenario
B1: Dados dos Equipamentos Local: RHN / Centenário Tipo: Reservatório com Elevatória
A5: Dados Telemetria
A6: Comunicação | B6: ='Respostas ao formulário 1'!E157 -> Modem ABS
A7: Redundância | B7: ='Respostas ao formulário 1'!F157 -> Sem Redundância
A8: Marca da Fonte | B8: ='Respostas ao formulário 1'!J157 -> Weg
A9: DPS | B9: ='Respostas ao formulário 1'!G157 -> 0
A11: Dados Inversor
A12: Acionamento | B12: ='Respostas ao formulário 1'!L157 -> 220V
A13: Fusível | B13: ='Respostas ao formulário 1'!H157 -> NH00 100A 690V
A14: Driver 1 | B14: ='Respostas ao formulário 1'!M157 -> CFW110070T2OFAZ
A15: Serial | B15: ='Respostas ao formulário 1'!N157 -> 1041493394
A17: Dados Motores
A18: Fabricante | B18: Carcaça | C18: Potência | D18: Tensão | E18: Corrente | F18: RPM | G18: FS | H18: Acionamento
C19: ='Respostas ao formulário 1'!U157 -> 7.5CV | D19: ='Respostas ao formulário 1'!V157 -> 220V | E19: ='Respostas ao formulário 1'!W157 -> 18.7A | F19: ='Respostas ao formulário 1'!X157 -> 3495 | G19: ='Respostas ao formulário 1'!Y157 -> 1.15 | H19: ='Respostas ao formulário 1'!Z157 -> Driver 1
A20: Fabricante | B20: Carcaça | C20: Potência | D20: Tensão | E20: Corrente | F20: RPM | G20: FS | H20: Acionamento
C21: ='Respostas ao formulário 1'!AA157 -> 7.5CV | D21: ='Respostas ao formulário 1'!AB157 -> 220V | E21: ='Respostas ao formulário 1'!AC157 -> 18.7A | F21: ='Respostas ao formulário 1'!AD157 -> 3495 | G21: ='Respostas ao formulário 1'!AE157 -> 1.15 | H21: ='Respostas ao formulário 1'!AF157 -> Driver 1
A23: Sensores
A24: Sucção | B24: Recalque | C24: Modelo Vazão
A25: ='Respostas ao formulário 1'!AU157 -> Zurich - 0 a 100 MCA | B25: ='Respostas ao formulário 1'!AV157 -> Zurich - 0 a 200 MCA | C25: ='Respostas ao formulário 1'!BA157 -> MV110
A27: Dados do Reservatório
A28: Tipo de Sensor | B28: ='Respostas ao formulário 1'!BZ157 -> 0
A30: Dimensões Célula 4
A31: Altura Total (m)
A32: 6.1
A33: Altura do 0% (4mA) (m)
A34: 0
A35: Altura do 100% (20mA) (m)
A36: 5.1

Sheet RHNBairu
B1: Dados dos Equipamentos Local: RHN / Bairu Tipo: Reservatório com Elevatória
A5: Dados Telemetria
A6: Comunicação | B6: ='Respostas ao formulário 1'!E156 -> Rádio
A7: Redundância | B7: ='Respostas ao formulário 1'!F156 -> 0
A8: Marca da Fonte | B8: ='Respostas ao formulário 1'!J156 -> 0
A9: DPS | B9: ='Respostas ao formulário 1'!G156 -> 0
A11: Dados Inversor
A12: Acionamento | B12: ='Respostas ao formulário 1'!L156 -> 0
A13: Fusível | B13: ='Respostas ao formulário 1'!H156 -> 0
A14: Driver 1 | B14: ='Respostas ao formulário 1'!M156 -> 0
A15: Serial | B15: ='Respostas ao formulário 1'!N156 -> 0
A17: Dados Motores
A18: Fabricante | B18: Carcaça | C18: Potência | D18: Tensão | E18: Corrente | F18: RPM | G18: FS | H18: Acionamento
C19: ='Respostas ao formulário 1'!U156 -> 0 | D19: ='Respostas ao formulário 1'!V156 -> 0 | E19: ='Respostas ao formulário 1'!W156 -> 0 | F19: ='Respostas ao formulário 1'!X156 -> 0 | G19: ='Respostas ao formulário 1'!Y156 -> 0 | H19: ='Respostas ao formulário 1'!Z156 -> 0
A20: Fabricante | B20: Carcaça | C20: Potência | D20: Tensão | E20: Corrente | F20: RPM | G20: FS | H20: Acionamento
C21: ='Respostas ao formulário 1'!AA156 -> 0 | D21: ='Respostas ao formulário 1'!AB156 -> 0 | E21: ='Respostas ao formulário 1'!AC156 -> 0 | F21: ='Respostas ao formulário 1'!AD156 -> 0 | G21: ='Respostas ao formulário 1'!AE156 -> 0 | H21: ='Respostas ao formulário 1'!AF156 -> 0
A23: Sensores
A24: Sucção | B24: Recalque | C24: Modelo Vazão 1 | D24: Modelo Vazão 2
A25: ='Respostas ao formulário 1'!AU156 -> 0 | B25: ='Respostas ao formulário 1'!AV156 -> 0 | C25: ='Respostas ao formulário 1'!BA156 -> 0 | D25: ='Respostas ao formulário 1'!BJ156 -> 0
A27: Dados do Reservatório
A28: Tipo de Sensor | B28: ='Respostas ao formulário 1'!BZ156 -> Ultrassônico Nivelco - 0 a 5 m
A30: Dimensões Célula 1 | B30: Dimensões Célula 3
A31: Altura Total (m) | B31: Altura Total (m)
A32: 5.46 | B32: 5.5
A33: Altura do 0% (4mA) (m) | B33: Altura do 0% (4mA) (m)
A34: 0 | B34: 0
A35: Altura do 100% (20mA) (m) | B35: Altura do 100% (20mA) (m)
A36: 4.91 | B36: 4.9

Sheet Pedras Preciosas
B1: Dados dos Equipamentos Local: Pedras Preciosas Tipo: Reservatório com Elevatória
A5: Dados Telemetria
A6: Comunicação | B6: ='Respostas ao formulário 1'!E139 -> Modem LUPA
A7: Redundância | B7: ='Respostas ao formulário 1'!F139 -> Sem Redundância
A8: Marca da Fonte | B8: ='Respostas ao formulário 1'!J139 -> Conexel Power
A9: DPS | B9: ='Respostas ao formulário 1'!G139 -> Lupa
A11: Dados Inversor
A12: Acionamento | B12: ='Respostas ao formulário 1'!L139 -> 0
A13: Fusível | B13: ='Respostas ao formulário 1'!H139 -> 0
A14: Driver 1 | B14: ='Respostas ao formulário 1'!M139 -> 0
A15: Serial | B15: ='Respostas ao formulário 1'!N139 -> 0
A17: Dados Motores
A18: Fabricante | B18: Carcaça | C18: Potência | D18: Tensão | E18: Corrente | F18: RPM | G18: FS | H18: Acionamento
C19: ='Respostas ao formulário 1'!U139 -> 0 | D19: ='Respostas ao formulário 1'!V139 -> 0 | E19: ='Respostas ao formulário 1'!W139 -> 0 | F19: ='Respostas ao formulário 1'!X139 -> 0 | G19: ='Respostas ao formulário 1'!Y139 -> 0 | H19: ='Respostas ao formulário 1'!Z139 -> 0
A20: Fabricante | B20: Carcaça | C20: Potência | D20: Tensão | E20: Corrente | F20: RPM | G20: FS | H20: Acionamento
C21: ='Respostas ao formulário 1'!AA139 -> 0 | D21: ='Respostas ao formulário 1'!AB139 -> 0 | E21: ='Respostas ao formulário 1'!AC139 -> 0 | F21: ='Respostas ao formulário 1'!AD139 -> 0 | G21: ='Respostas ao formulário 1'!AE139 -> 0 | H21: ='Respostas ao formulário 1'!AF139 -> 0
A23: Sensores
A24: Sucção | B24: Recalque | C24: Modelo Vazão
A25: ='Respostas ao formulário 1'!AU139 -> 0 | C25: ='Respostas ao formulário 1'!BA139 -> 0
A27: Dados do Reservatório
A28: Tipo de Sensor | B28: ='Respostas ao formulário 1'!BZ139 -> Pressão
A30: Dimensões
A31: Altura Total (m)
A33: Altura do 0% (4mA) (m)
A35: Altura do 100% (20mA) (m)

Sheet Jardim Natal Vila Bejani
B1: Dados dos Equipamentos Local: Jardim Natal / Vila Bejani Tipo: Reservatório com Elevatória
A5: Dados Telemetria
A6: Comunicação | B6: ='Respostas ao formulário 1'!E95 -> Modem LUPA
A7: Redundância | B7: ='Respostas ao formulário 1'!F95 -> Sem Redundância
A8: Marca da Fonte | B8: ='Respostas ao formulário 1'!J95 -> Weg
A9: DPS | B9: ='Respostas ao formulário 1'!G95 -> 0
A11: Dados Inversor
A12: Acionamento | B12: ='Respostas ao formulário 1'!L95 -> 220V
A13: Fusível | B13: ='Respostas ao formulário 1'!H95 -> NH00 50A 690V
A14: Driver 1 | B14: ='Respostas ao formulário 1'!M95 -> CFW110033T2OFAZ
A15: Serial | B15: ='Respostas ao formulário 1'!N95 -> 1066215402
A17: Dados Motores
A18: Fabricante | B18: Carcaça | C18: Potência | D18: Tensão | E18: Corrente | F18: RPM | G18: FS | H18: Acionamento
C19: ='Respostas ao formulário 1'!U95 -> 10CV | D19: ='Respostas ao formulário 1'!V95 -> 220V | E19: ='Respostas ao formulário 1'!W95 -> 25A | F19: ='Respostas ao formulário 1'!X95 -> 3535 | G19: ='Respostas ao formulário 1'!Y95 -> 1.25 | H19: ='Respostas ao formulário 1'!Z95 -> Driver 1
A21: Sensores
A22: Sucção | B22: Recalque | C22: Modelo Vazão
A23: ='Respostas ao formulário 1'!AU95 -> 0 | B23: ='Respostas ao formulário 1'!AV95 -> Zurich - 0 a 200 MCA | C23: ='Respostas ao formulário 1'!BA95 -> 0
A25: Dados do Reservatório
A26: Tipo de Sensor | B26: ='Respostas ao formulário 1'!BZ95 -> Hidroestático
A28: Dimensões
A29: Altura Total (m)
A30: 3.7
A31: Altura do 0% (4mA) (m)
A32: 0
A33: Altura do 100% (20mA) (m)
A34: 2.95

Sheet FlorestaFlorestinha
B1: Dados dos Equipamentos Local: Floresta/Florestinha Tipo: Reservatório com Elevatória
A5: Dados Telemetria
A6: Comunicação | B6: ='Respostas ao formulário 1'!E82 -> Modem ABS
A7: Redundância | B7: ='Respostas ao formulário 1'!F82 -> Sem Redundância
A8: Marca da Fonte | B8: ='Respostas ao formulário 1'!J82 -> Weg
A9: DPS | B9: ='Respostas ao formulário 1'!G82 -> Lupa
A11: Dados Inversor
A12: Acionamento | B12: ='Respostas ao formulário 1'!L82 -> 0
A13: Fusível | B13: ='Respostas ao formulário 1'!H82 -> 0
A14: Driver 1 | B14: ='Respostas ao formulário 1'!M82 -> 0
A15: Serial | B15: ='Respostas ao formulário 1'!N82 -> 0
A17: Dados Motores
A18: Fabricante | B18: Carcaça | C18: Potência | D18: Tensão | E18: Corrente | F18: RPM | G18: FS | H18: Acionamento
C19: ='Respostas ao formulário 1'!U82 -> 0 | D19: ='Respostas ao formulário 1'!V82 -> 0 | E19: ='Respostas ao formulário 1'!W82 -> 0 | F19: ='Respostas ao formulário 1'!X82 -> 0 | G19: ='Respostas ao formulário 1'!Y82 -> 0 | H19: ='Respostas ao formulário 1'!Z82 -> 0
A20: Fabricante | B20: Carcaça | C20: Potência | D20: Tensão | E20: Corrente | F20: RPM | G20: FS | H20: Acionamento
C21: ='Respostas ao formulário 1'!AA82 -> 0 | D21: ='Respostas ao formulário 1'!AB82 -> 0 | E21: ='Respostas ao formulário 1'!AC82 -> 0 | F21: ='Respostas ao formulário 1'!AD82 -> 0 | G21: ='Respostas ao formulário 1'!AE82 -> 0 | H21: ='Respostas ao formulário 1'!AF82 -> 0
A23: Sensores
A24: Sucção | B24: Recalque | C24: Modelo Vazão
A25: ='Respostas ao formulário 1'!AU82 -> Zurick - 0 a 100 MCA | B25: ='Respostas ao formulário 1'!AV82 -> Zurick - 0 a 100 MCA | C25: ='Respostas ao formulário 1'!BA82 -> 0
A27: Dados do Reservatório
A28: Tipo de Sensor | B28: ='Respostas ao formulário 1'!BZ82 -> 0
A30: Dimensões
A31: Altura Total (m)
A32: 3.7
A33: Altura do 0% (4mA) (m)
A34: 0
A35: Altura do 100% (20mA) (m)
A36: 3.2

Sheet Boto 2 Boto 1
B1: Dados dos Equipamentos Local: Boto 2 / Boto 1 Tipo: Reservatório com Elevatória
A5: Dados Telemetria
A6: Comunicação | B6: ='Respostas ao formulário 1'!E36 -> Modem ABS
A7: Redundância | B7: ='Respostas ao formulário 1'!F36 -> Sem Redundância
A8: Marca da Fonte | B8: ='Respostas ao formulário 1'!J36 -> Weidmuller
A9: DPS | B9: ='Respostas ao formulário 1'!G36 -> Lupa
A11: Dados Inversor
A12: Acionamento | B12: ='Respostas ao formulário 1'!L36 -> 0
A13: Fusível | B13: ='Respostas ao formulário 1'!H36 -> 0
A14: Driver 1 | B14: ='Respostas ao formulário 1'!M36 -> 0
A15: Serial | B15: ='Respostas ao formulário 1'!N36 -> 0
A17: Dados Motores
A18: Fabricante | B18: Carcaça | C18: Potência | D18: Tensão | E18: Corrente | F18: RPM | G18: FS | H18: Acionamento
C19: ='Respostas ao formulário 1'!U36 -> 0 | D19: ='Respostas ao formulário 1'!V36 -> 0 | E19: ='Respostas ao formulário 1'!W36 -> 0 | F19: ='Respostas ao formulário 1'!X36 -> 0 | G19: ='Respostas ao formulário 1'!Y36 -> 0 | H19: ='Respostas ao formulário 1'!Z36 -> 0
A20: Fabricante | B20: Carcaça | C20: Potência | D20: Tensão | E20: Corrente | F20: RPM | G20: FS | H20: Acionamento
C21: ='Respostas ao formulário 1'!AA36 -> 0 | D21: ='Respostas ao formulário 1'!AB36 -> 0 | E21: ='Respostas ao formulário 1'!AC36 -> 0 | F21: ='Respostas ao formulário 1'!AD36 -> 0 | G21: ='Respostas ao formulário 1'!AE36 -> 0 | H21: ='Respostas ao formulário 1'!AF36 -> 0
A23: Sensores
A24: Sucção | B24: Recalque | C24: Modelo Vazão
A25: ='Respostas ao formulário 1'!AU36 -> Zurick - 0 a 100 MCA | C25: ='Respostas ao formulário 1'!BA36 -> MV110
A27: Dados do Reservatório
A28: Tipo de Sensor | B28: ='Respostas ao formulário 1'!BZ36 -> 0
A30: Dimensões
A31: Altura Total (m)
A33: Altura do 0% (4mA) (m)
A35: Altura do 100% (20mA) (m)

Sheet VitorinoSao Jose
B1: Dados dos Equipamentos Local: Vitorino/São José Tipo: Elevatória de Água
A5: Dados Telemetria
A6: Comunicação | B6: ='Respostas ao formulário 1'!E206 -> Modem LUPA
A7: Redundância | B7: ='Respostas ao formulário 1'!F206 -> Fibra
A8: Marca da Fonte | B8: ='Respostas ao formulário 1'!J206 -> LR Informática
A9: DPS | B9: ='Respostas ao formulário 1'!G206 -> Lupa
A11: Dados Inversor
A12: Acionamento | B12: ='Respostas ao formulário 1'!L206 -> 440V | C12: Fusível | D12: ='Respostas ao formulário 1'!H206 -> NH1 250A 690V
A13: Driver 1 | B13: ='Respostas ao formulário 1'!M206 -> CFW110180T4SZ | C13: Driver 2 | D13: ='Respostas ao formulário 1'!O206 -> CFW110242T4SZ
A14: Serial | B14: ='Respostas ao formulário 1'!N206 -> 1005789880 | C14: Serial | D14: ='Respostas ao formulário 1'!P206 -> 1055723520
A16: Dados Motores
A17: Fabricante | B17: Carcaça | C17: Potência | D17: Tensão | E17: Corrente | F17: RPM | G17: FS | H17: Acionamento
A18: Weg | B18: 250 s/m | C18: ='Respostas ao formulário 1'!U206 -> 150CV | D18: ='Respostas ao formulário 1'!V206 -> 440V | E18: ='Respostas ao formulário 1'!W206 -> 175A | F18: ='Respostas ao formulário 1'!X206 -> 1785 | G18: ='Respostas ao formulário 1'!Y206 -> 1.25 | H18: ='Respostas ao formulário 1'!Z206 -> Driver 1
A19: Fabricante | B19: Carcaça | C19: Potência | D19: Tensão | E19: Corrente | F19: RPM | G19: FS | H19: Acionamento
A20: Weg | B20: 250 s/m | C20: ='Respostas ao formulário 1'!AA206 -> 150CV | D20: ='Respostas ao formulário 1'!AB206 -> 440V | E20: ='Respostas ao formulário 1'!AC206 -> 175A | F20: ='Respostas ao formulário 1'!AD206 -> 1785 | G20: ='Respostas ao formulário 1'!AE206 -> 1.25 | H20: ='Respostas ao formulário 1'!AF206 -> Driver 2
A22: Sensores
A23: Sucção | B23: Recalque | C23: Vazão
A24: ='Respostas ao formulário 1'!AU206 -> Zurich - 0 a 70 MCA | B24: ='Respostas ao formulário 1'!AV206 -> Connect JCO 0-100 MCA | C24: ='Respostas ao formulário 1'!BA206 -> BLIT-EM

Sheet VitorinoLinhares
B1: Dados dos Equipamentos Local: Vitorino/Linhares Tipo: Elevatória de Água
A5: Dados Telemetria
A6: Comunicação | B6: ='Respostas ao formulário 1'!E205 -> Modem ABS
A7: Redundância | B7: ='Respostas ao formulário 1'!F205 -> Sem Redundância
A8: Marca da Fonte | B8: ='Respostas ao formulário 1'!J205 -> 0
A9: DPS | B9: ='Respostas ao formulário 1'!G205 -> Lupa
A11: Dados Inversor
A12: Acionamento | B12: ='Respostas ao formulário 1'!L205 -> 0 | C12: Fusível | D12: ='Respostas ao formulário 1'!H205 -> 0
A13: Driver 1 | B13: ='Respostas ao formulário 1'!M205 -> 0 | C13: Driver 2 | D13: ='Respostas ao formulário 1'!O205 -> 0
A14: Serial | B14: ='Respostas ao formulário 1'!N205 -> 0 | C14: Serial | D14: ='Respostas ao formulário 1'!P205 -> 0
A16: Dados Motores
A17: Fabricante | B17: Carcaça | C17: Potência | D17: Tensão | E17: Corrente | F17: RPM | G17: FS | H17: Acionamento
A18: Weg | B18: 225 s/m | C18: ='Respostas ao formulário 1'!U205 -> 0 | D18: ='Respostas ao formulário 1'!V205 -> 0 | E18: ='Respostas ao formulário 1'!W205 -> 0 | F18: ='Respostas ao formulário 1'!X205 -> 0 | G18: ='Respostas ao formulário 1'!Y205 -> 0 | H18: ='Respostas ao formulário 1'!Z205 -> 0
A19: Fabricante | B19: Carcaça | C19: Potência | D19: Tensão | E19: Corrente | F19: RPM | G19: FS | H19: Acionamento
A20: Weg | B20: 225 s/m | C20: ='Respostas ao formulário 1'!AA205 -> 0 | D20: ='Respostas ao formulário 1'!AB205 -> 0 | E20: ='Respostas ao formulário 1'!AC205 -> 0 | F20: ='Respostas ao formulário 1'!AD205 -> 0 | G20: ='Respostas ao formulário 1'!AE205 -> 0 | H20: ='Respostas ao formulário 1'!AF205 -> 0
A22: Sensores
A23: Sucção | B23: Recalque | C23: Vazão
A24: ='Respostas ao formulário 1'!AU205 -> 0 | B24: ='Respostas ao formulário 1'!AV205 -> 0 | C24: ='Respostas ao formulário 1'!BA205 -> 0

Sheet VitorinoGrajaú
B1: Dados dos Equipamentos Local: Vitorino/Grajaú Tipo: Elevatória de Água
A5: Dados Telemetria
A6: Comunicação | B6: ='Respostas ao formulário 1'!E204 -> Rádio
A7: Redundância | B7: ='Respostas ao formulário 1'!F204 -> Sem Redundância
A8: Marca da Fonte | B8: ='Respostas ao formulário 1'!J204 -> Weg
A9: DPS | B9: ='Respostas ao formulário 1'!G204 -> Lupa
A11: Dados Inversor
A12: Acionamento | B12: ='Respostas ao formulário 1'!L204 -> 220V | C12: Fusível | D12: ='Respostas ao formulário 1'!H204 -> NH00 50A 600V
A13: Driver 1 | B13: ='Respostas ao formulário 1'!M204 -> CFW110024T2SZ | C13: Driver 2 | D13: ='Respostas ao formulário 1'!O204 -> 0
A14: Serial | B14: ='Respostas ao formulário 1'!N204 -> 1027223882 | C14: Serial | D14: ='Respostas ao formulário 1'!P204 -> 0
A16: Dados Motores
A17: Fabricante | B17: Carcaça | C17: Potência | D17: Tensão | E17: Corrente | F17: RPM | G17: FS | H17: Acionamento
